Country,Code,ContinentCode,Year,Inflation: percent change in the Consumer Price Index,Exchange rate: local currency units per U.S. dollar,Unemployment rate,Terms of trade base year = 2000,Exports of goods and services as percent of GDP,Exports of goods and services billion USD,Exports of goods and services annual growth,Imports of goods and services as percent of GDP,Imports of goods and services billion USD,Trade balance as percent of GDP,Trade balance billion USD,Value added in the agricultural sector as percent of GDP,Agriculture value added billion USD,Value added by industry as percent of GDP,Value added by the manufacturing sector as percent of GDP,Value added in the services sector as percent of GDP,Industry value added billion USD,Manufacturing value added billion USD,Services value added billion USD,Economic growth: the rate of change of real GDP,Gross Domestic Product billions of U.S. dollars,GDP per capita current U.S. hundred dollars
Australia,AUS,OC,1990,7.3,1.28,,,15.15,47.07,4.67,17.07,53.06,-1.93,-3.26,4.21,13.08,28.87,13.83,59.38,89.71,42.97,184.53,3.57,310.78,18211.28
Australia,AUS,OC,1991,3.2,1.28,9.58,,16.06,52.25,11.26,16.19,52.68,-0.13,0.96,3.18,10.35,27.74,12.6,61.14,90.23,40.99,198.89,-0.4,325.31,18821.48
Australia,AUS,OC,1992,1,1.36,10.73,,16.69,54.23,9.46,16.42,53.34,0.27,-0.6,3.05,9.92,26.95,12.61,61.79,87.55,40.97,200.73,0.41,324.88,18569.81
Australia,AUS,OC,1993,1.8,1.47,10.87,,17.57,54.75,7.41,17.89,55.75,-0.32,-1.31,3.26,10.17,26.9,12.91,62.45,83.82,40.21,194.56,4.03,311.54,17634.26
Australia,AUS,OC,1994,2,1.37,9.72,,18.01,58.02,9.49,18.52,59.68,-0.52,-4.71,3.35,10.79,26.86,13.24,62.41,86.55,42.66,201.1,3.98,322.21,18046.02
Australia,AUS,OC,1995,4.6,1.35,8.47,,17.92,65.79,4.41,19.88,73.02,-1.97,-5.24,3.02,11.1,26.51,13.16,62.33,97.35,48.32,228.88,3.84,367.22,20319.63
Australia,AUS,OC,1996,2.6,1.28,8.51,,18.94,75.81,9.96,19.39,77.63,-0.45,-0.53,3.39,13.58,26.05,12.78,62.38,104.3,51.14,249.7,3.88,400.3,21861.33
Australia,AUS,OC,1997,0.2,1.35,8.36,,19.17,83.33,10.88,18.9,82.13,0.27,1.65,3.24,14.09,25.29,12.34,63.33,109.91,53.61,275.23,3.97,434.57,23468.6
Australia,AUS,OC,1998,0.9,1.59,7.68,,19.6,78.17,4.58,20.47,81.67,-0.88,-6.47,3.04,12.12,25.44,12.49,63.53,101.46,49.84,253.43,4.58,398.9,21318.96
Australia,AUS,OC,1999,1.5,1.55,6.87,,18.34,71.29,1.92,20.79,80.79,-2.45,-10.08,3.06,11.9,24.7,11.98,64.28,95.98,46.55,249.57,5.07,388.61,20533.04
Australia,AUS,OC,2000,4.5,1.72,6.28,100,19.43,80.7,9.89,21.59,89.66,-2.16,-4.28,3.12,12.95,24.64,11.59,64.32,102.3,48.14,266.89,3.93,415.22,21679.25
Australia,AUS,OC,2001,4.4,1.93,6.74,103.99,22.23,84.1,8.64,22.14,83.77,0.09,2.1,3.5,13.26,23.68,11,64.14,89.62,41.63,242.54,1.93,378.38,19490.86
Australia,AUS,OC,2002,3,1.84,6.37,105.87,20.77,81.99,-0.55,20.78,82.02,-0.01,-4.72,3.95,15.58,23.63,10.56,63.97,93.26,41.67,252.29,4,394.65,20082.48
Australia,AUS,OC,2003,2.7,1.54,5.93,105.8,19.1,89.08,0.5,21.2,98.9,-2.11,-14.42,2.89,13.47,24.06,10.87,64.28,112.25,50.71,299.69,2.99,466.49,23447.03
Australia,AUS,OC,2004,2.3,1.36,5.39,116.05,17.2,105.37,1.29,19.92,121.99,-2.71,-19.19,3.06,18.76,23.95,10.89,64.26,146.69,66.7,393.34,4.06,612.49,30430.68
Australia,AUS,OC,2005,2.7,1.31,5.03,130.97,18.27,126.65,3.46,21.01,145.66,-2.74,-14.81,2.88,19.99,24.62,10.34,64.37,170.72,71.67,446.01,3.2,693.41,33999.24
Australia,AUS,OC,2006,3.6,1.33,4.78,145.36,19.89,148.42,2.97,21.71,161.97,-1.82,-12.28,2.73,20.34,25.61,9.89,63.74,191.04,73.76,475.18,2.79,746.05,36044.92
Australia,AUS,OC,2007,2.3,1.2,4.38,152.36,20.2,172.36,4.14,21.85,186.38,-1.64,-22.84,2.2,18.78,25.65,9.28,64.36,218.85,79.17,548.75,3.84,853.1,40960.05
Australia,AUS,OC,2008,4.4,1.19,4.23,174.46,20.16,212.5,4.01,22.71,239.35,-2.55,-13.75,2.34,24.65,25.59,9.2,64.49,269.75,96.92,679.35,3.66,1054,49601.66
Australia,AUS,OC,2009,1.8,1.28,5.56,162.9,23,213.44,2.4,22.79,211.48,0.21,-10.04,2.29,21.26,27,8.44,64.14,250.5,78.31,594.81,1.94,927.81,42772.36
Australia,AUS,OC,2010,2.9,1.09,5.21,178.73,19.81,227.05,4.7,20.84,238.85,-1.03,6.19,2.2,25.19,25.15,7.99,65.74,288.27,91.57,753.06,2.07,1146.14,52022.13
Australia,AUS,OC,2011,3.3,0.97,5.08,200.29,21.44,299.39,0.86,20.47,285.9,0.97,12.56,2.28,31.8,26.44,7.35,64.73,369.22,102.68,903.64,2.46,1396.65,62517.83
Australia,AUS,OC,2012,1.8,0.97,5.22,181.81,21.48,332.13,4.6,21.73,335.97,-0.25,-21.44,2.25,34.86,26.28,7.03,65.28,406.39,108.7,1008.79,3.92,1546.15,68012.15
Australia,AUS,OC,2013,2.4,1.04,5.66,176.81,19.96,314.55,5.3,21.25,334.97,-1.3,-7.42,2.28,35.92,25.13,6.6,66.33,396.06,104,1045,2.58,1576.18,68150.11
Australia,AUS,OC,2014,2.5,1.11,6.08,164.99,21.04,308.75,5.95,21.47,315.03,-0.43,-9.08,2.22,32.52,25.51,6.36,65.76,374.43,93.31,964.5,2.53,1467.48,62510.79
Australia,AUS,OC,2015,1.5,1.33,6.05,148.2,19.98,270.13,6.83,21.51,290.74,-1.52,-27.77,2.37,32.07,23.64,6.29,67.29,319.6,85.03,908.89,2.19,1351.69,56755.72
Australia,AUS,OC,2016,1.3,1.35,5.71,148,19.25,232.72,6.84,21.53,260.22,-2.28,-10.24,2.4,29.05,22.28,6.08,68.28,269.39,73.47,824.75,2.77,1208.85,49971.13
Australia,AUS,OC,2017,1.9,1.3,5.59,172.49,21.19,281.9,5.52,20.58,273.7,0.62,7.2,2.7,35.92,23.43,5.79,67.08,311.61,77.07,886.26,2.37,1330.14,54066.47
Australia,AUS,OC,2018,1.9,1.34,5.3,175.72,21.8,312.66,4.1,21.39,306.68,0.42,17.09,2.46,35.21,24.12,5.78,66.71,345.86,82.82,,2.94,1433.9,57395.92
Australia,AUS,OC,2019,1.6,1.44,5.27,,24.13,336.07,3.83,21.56,300.19,2.58,46.8,2.09,29.04,25.2,5.65,66.15,350.92,78.66,,1.9,1392.68,54907.1
Brunei,BRN,OC,1990,2.1,1.81,,,61.81,2.18,1.28,37.27,1.31,24.54,,0.97,0.03,61.56,11.14,37.48,2.17,0.39,1.32,1.09,3.52,13607.52
Brunei,BRN,OC,1991,1.6,1.73,4.7,,66.68,2.47,8.77,40.17,1.49,26.51,,1.02,0.04,59.57,12.47,39.41,2.21,0.46,1.46,3.15,3.7,13905.06
Brunei,BRN,OC,1992,1.3,1.63,4.98,,57.87,2.42,6.04,47.91,2,9.96,,0.97,0.04,60.4,12.9,38.64,2.53,0.54,1.62,4.76,4.18,15274.44
Brunei,BRN,OC,1993,4.3,1.62,5.4,,54.76,2.25,-2.79,51.76,2.13,3,,1.08,0.04,57.24,12.27,41.69,2.35,0.5,1.71,0.3,4.11,14575.73
Brunei,BRN,OC,1994,2.5,1.53,5.61,,51.08,2.09,2.85,48.41,1.98,2.67,,1.2,0.05,53.83,12.02,44.97,2.2,0.49,1.84,3.15,4.09,14120.86
Brunei,BRN,OC,1995,6,1.42,5.7,,59.72,2.83,16.81,55.83,2.64,3.89,,1.16,0.05,54.27,13,44.57,2.57,0.62,2.11,4.48,4.73,15933.35
Brunei,BRN,OC,1996,2,1.41,5.67,,59.93,3.07,-3.44,60.64,3.1,-0.71,,1.12,0.06,56.3,12.76,42.57,2.88,0.65,2.18,2.88,5.12,16793.28
Brunei,BRN,OC,1997,1.7,1.48,5.63,,57.19,2.97,-5.07,58.49,3.04,-1.31,,1.23,0.06,56.05,15,42.73,2.91,0.78,2.22,-1.47,5.2,16660.36
Brunei,BRN,OC,1998,-0.4,1.67,5.72,,50.47,2.04,-9.95,57.4,2.33,-6.93,,1.41,0.06,51.53,13.66,47.06,2.09,0.55,1.91,-0.56,4.05,12693.79
Brunei,BRN,OC,1999,-0.4,1.69,5.81,,55.82,2.57,13.96,48.4,2.23,7.41,,1.23,0.06,55.18,13.55,43.58,2.54,0.62,2,3.05,4.6,14101.35
Brunei,BRN,OC,2000,1.6,1.72,5.65,100,67.35,4.04,11.89,35.82,2.15,31.54,,1.02,0.06,63.67,15.36,35.31,3.82,0.92,2.12,2.85,6,18012.56
Brunei,BRN,OC,2001,0.6,1.79,5.75,100.14,69.53,3.89,1.3,39.19,2.2,30.33,1.99,1.13,0.06,60.04,15.73,38.82,3.36,0.88,2.17,2.74,5.6,16472.15
Brunei,BRN,OC,2002,-2.3,1.79,5.93,89.08,67.12,3.92,5.77,41.63,2.43,25.5,1.78,1.09,0.06,60.66,15.68,38.24,3.54,0.92,2.23,3.87,5.84,16850.15
Brunei,BRN,OC,2003,0.3,1.74,5.98,102.34,69.29,4.54,2.26,35.97,2.36,33.32,2.57,1.22,0.08,64.15,15.32,34.63,4.21,1,2.27,2.9,6.56,18560.61
Brunei,BRN,OC,2004,0.8,1.69,5.84,115.15,68.8,5.42,-0.71,31.79,2.5,37.01,3.2,1.13,0.09,67.85,13.29,31.02,5.34,1.05,2.44,0.5,7.87,21902.09
Brunei,BRN,OC,2005,1.2,1.66,5.66,161.72,70.17,6.69,-1.26,27.29,2.6,42.88,4.34,0.95,0.09,71.56,12.31,27.49,6.82,1.17,2.62,0.39,9.53,26105.28
Brunei,BRN,OC,2006,0.2,1.59,5.39,193.98,71.72,8.23,3.67,25.22,2.89,46.51,5.57,0.71,0.08,73.18,10.56,26.12,8.39,1.21,3,4.4,11.47,30979.88
Brunei,BRN,OC,2007,1,1.51,5.15,192.79,67.85,8.31,-9.64,27.9,3.42,39.96,5.2,0.69,0.08,71.3,10.38,28.01,8.73,1.27,3.43,0.15,12.25,32663.57
Brunei,BRN,OC,2008,2.1,1.42,5.16,258.29,78.3,11.27,-6.22,27.61,3.97,50.68,7.3,0.64,0.09,74.11,13.71,25.25,10.67,1.97,3.63,-1.94,14.39,37934.38
Brunei,BRN,OC,2009,1,1.45,6.42,177.54,72.78,7.81,-5.27,35.79,3.84,36.99,4.37,0.91,0.1,65.41,13.97,33.69,7.02,1.5,3.62,-1.76,10.73,27955.71
Brunei,BRN,OC,2010,0.4,1.36,6.74,190.93,67.41,9.24,-7.8,27.96,3.83,39.45,5.42,0.73,0.1,68.66,14.91,32.5,9.41,2.04,4.2,2.6,13.71,35269.55
Brunei,BRN,OC,2011,0.1,1.26,6.69,226.2,69.51,12.88,-3,30.03,5.56,39.48,7.3,0.58,0.11,73.67,16.43,27.36,13.65,3.04,4.77,3.75,18.53,47055.84
Brunei,BRN,OC,2012,0.1,1.25,6.91,241.81,70.16,13.36,1.21,35.48,6.76,34.68,6.61,0.66,0.12,72.66,16.62,28.28,13.84,3.17,5.08,0.91,19.05,47740.52
Brunei,BRN,OC,2013,0.4,1.25,7.13,232.45,68.04,12.31,-5.68,42.9,7.76,25.15,4.56,0.68,0.12,70.03,16.5,31.25,12.67,2.99,5.3,-2.13,18.09,44740.09
Brunei,BRN,OC,2014,-0.2,1.27,6.97,217.7,68.18,11.66,0.86,34.24,5.86,33.93,5.81,0.86,0.15,67.85,16.13,32.84,11.6,2.76,5.37,-2.51,17.1,41726.79
Brunei,BRN,OC,2015,-0.5,1.37,7.91,152.73,52.21,6.75,-10.8,37.68,4.87,14.53,1.9,1.1,0.14,61.36,14.53,39.43,7.93,1.88,4.85,-0.39,12.93,31164.56
Brunei,BRN,OC,2016,-0.3,1.38,8.71,115.4,49.58,5.65,-1.9,37.74,4.3,11.84,1.04,1.2,0.14,57.29,11.46,42.98,6.53,1.31,4.9,-2.48,11.4,27157.82
Brunei,BRN,OC,2017,-1.3,1.38,9.32,142.11,49.57,6.01,-2.71,35.6,4.32,13.97,1.71,1.09,0.13,59.72,12.66,40.85,7.24,1.54,4.95,1.33,12.13,28572.15
Brunei,BRN,OC,2018,1,1.35,8.86,175.85,51.93,7.05,2.85,41.96,5.69,9.97,1.36,1.02,0.14,63.24,14.07,37.34,8.58,1.91,,0.05,13.57,31628.33
Brunei,BRN,OC,2019,-0.4,1.36,9.12,,57.95,7.8,14.88,50.56,6.81,7.38,1.02,0.99,0.13,62.52,13.6,38.18,8.42,1.83,,3.87,13.47,31086.75
Myanmar,MMR,AS,1990,17.6,6.34,,251.85,,,,,,,-0.28,,,,,,,,,2.82,,
Myanmar,MMR,AS,1991,32.3,6.28,0.73,222.81,,,,,,,-0.05,,,,,,,,,-0.65,,
Myanmar,MMR,AS,1992,21.9,6.1,0.75,177.59,,,,,,,-0.03,,,,,,,,,9.66,,
Myanmar,MMR,AS,1993,31.8,6.16,0.78,160,,,,,,,-0.51,,,,,,,,,6.04,,
Myanmar,MMR,AS,1994,24.1,5.97,0.78,186.76,,,,,,,-0.47,,,,,,,,,7.48,,
Myanmar,MMR,AS,1995,25.2,5.67,0.78,214.29,,,,,,,-0.71,,,,,,,,,6.95,,
Myanmar,MMR,AS,1996,16.3,5.92,0.79,165.12,,,,,,,-0.81,,,,,,,,,6.44,,
Myanmar,MMR,AS,1997,29.7,6.24,0.78,125.49,,,,,,,-1.05,,,,,,,,,5.65,,
Myanmar,MMR,AS,1998,51.5,6.34,0.78,115.69,,,,,,,-1.12,,,,,,,,,5.87,,
Myanmar,MMR,AS,1999,18.4,6.29,0.8,110.1,,,,,,,-0.66,,,,,,,,,10.95,,
Myanmar,MMR,AS,2000,-0.1,6.52,0.79,100,0.54,0.05,,0.63,0.06,-0.09,-0.35,57.24,5.1,9.69,7.16,,0.86,0.64,,13.75,8.91,190.61
Myanmar,MMR,AS,2001,21.1,6.75,0.79,105.36,0.47,0.03,,0.45,0.03,0.02,0.12,57.07,3.7,10.58,7.83,,0.69,0.51,,11.34,6.48,137.17
Myanmar,MMR,AS,2002,57.1,6.64,0.81,97.74,0.29,0.02,,0.23,0.02,0.06,0.51,54.53,3.7,13.01,9.18,,0.88,0.62,,12.03,6.78,142.08
Myanmar,MMR,AS,2003,36.6,6.14,0.81,101.56,0.21,0.02,,0.16,0.02,0.05,0.62,50.62,5.3,14.26,9.8,,1.49,1.03,,13.84,10.47,217.39
Myanmar,MMR,AS,2004,4.5,5.81,0.79,97.89,0.19,0.02,,0.14,0.01,0.05,0.72,48.17,5.09,16.37,11.58,,1.73,1.22,,13.56,10.57,217.59
Myanmar,MMR,AS,2005,9.4,5.82,0.77,106.14,0.18,0.02,,0.1,0.01,0.08,1.77,46.69,5.6,17.51,12.8,,2.1,1.53,,13.57,11.99,244.88
Myanmar,MMR,AS,2006,20,5.84,0.73,117.22,0.16,0.02,,0.09,0.01,0.07,1.91,43.92,6.37,19.24,13.99,,2.79,2.03,,13.08,14.5,294.16
Myanmar,MMR,AS,2007,35,5.62,0.7,110.56,0.14,0.03,,0.08,0.02,0.06,2.43,43.32,8.74,20.41,14.89,,4.12,3,,11.99,20.18,406.73
Myanmar,MMR,AS,2008,26.8,5.44,0.69,121.17,0.12,0.04,,0.07,0.02,0.05,2.68,40.28,12.83,22.67,16.82,37.06,7.22,5.36,,10.26,31.86,638.15
Myanmar,MMR,AS,2009,1.5,5.58,0.76,116.59,0.1,0.04,,0.06,0.02,0.04,2.32,38.11,14.06,24.53,18.08,37.36,9.05,6.67,,10.55,36.91,734.45
Myanmar,MMR,AS,2010,7.7,5.63,0.79,108.12,19.59,9.7,,15.09,7.48,4.5,3.06,36.85,18.26,26.47,19.86,36.68,13.11,9.84,,9.63,49.54,979.05
Myanmar,MMR,AS,2011,5,5.44,0.79,107.98,0.1,0.06,-13.71,0.1,0.06,0,-0.12,32.5,19.49,31.29,19.72,36.21,18.77,11.83,,5.59,59.98,1176.24
Myanmar,MMR,AS,2012,1.5,640.65,0.79,111.69,11.5,6.89,6.45,10.89,6.52,0.61,0.36,30.59,18.34,32.37,20.09,37.04,19.4,12.04,,7.33,59.94,1165.79
Myanmar,MMR,AS,2013,5.6,933.57,0.8,111.32,19.64,11.83,12.91,18.95,11.42,0.69,0.44,29.53,17.8,32.36,19.92,38.1,19.5,12,,8.43,60.27,1162.33
Myanmar,MMR,AS,2014,5,984.35,0.78,108.27,20.09,13.15,18.69,22.17,14.51,-2.08,-0.94,27.83,18.21,34.49,19.93,37.68,22.57,13.04,,7.99,65.45,1251.82
Myanmar,MMR,AS,2015,9.5,1162.62,0.77,100.27,22.98,15.58,15.07,30.94,20.98,-7.96,-2.42,26.73,18.13,33.91,21.31,39.35,23,14.46,,6.99,67.82,1287.43
Myanmar,MMR,AS,2016,6.9,1234.87,1.14,93.22,25.94,17.43,13.49,35.08,23.57,-9.14,-2.3,24.92,16.74,35.47,22.99,39.61,23.83,15.45,,5.75,67.18,1266.55
Myanmar,MMR,AS,2017,4.6,1360.36,1.55,97.48,28.36,19.55,11.95,34.09,23.5,-5.73,-4.8,23,15.86,36.74,24.22,40.25,25.33,16.7,29.24,6.4,68.95,1291.54
Myanmar,MMR,AS,2018,6.9,1429.81,1.49,98.14,30.39,23.15,11.34,30.3,23.08,0.09,-3.1,21.35,16.26,37.96,24.76,40.69,28.91,18.86,,6.75,76.17,1418.18
Myanmar,MMR,AS,2019,8.8,1518.26,1.58,,,,,,,,0.17,,,,,,,,,2.89,76.09,1407.81
Cambodia,KHM,AS,1990,,426.25,,,,,,,,,,,,,,,,,,,,
Cambodia,KHM,AS,1991,,718.33,0.77,,,,,,,,,,,,,,,,,,,
Cambodia,KHM,AS,1992,,1266.58,0.79,,,,,,,,-0.19,,,,,,,,,,,
Cambodia,KHM,AS,1993,,2689,0.82,,16.06,0.41,,32.67,0.83,-16.61,-0.24,45.29,1.15,12.65,8.62,39.42,0.32,0.22,1,,2.53,254.12
Cambodia,KHM,AS,1994,,2545.25,0.83,,25.79,0.72,73.76,38.68,1.08,-12.88,-0.34,45.56,1.27,13.72,8.85,36.26,0.38,0.25,1.01,-34.81,2.79,270.54
Cambodia,KHM,AS,1995,-0.8,2450.83,0.83,,31.18,1.07,43.76,46.58,1.6,-15.4,-0.41,47.72,1.64,14.26,9.15,34.19,0.49,0.31,1.18,9.9,3.44,322.93
Cambodia,KHM,AS,1996,7.2,2624.08,0.84,,25.36,0.89,-17.47,43.8,1.54,-18.43,-0.48,44.46,1.56,14.99,10.1,35.98,0.53,0.35,1.26,5.9,3.51,319.29
Cambodia,KHM,AS,1997,8,2946.25,0.89,,33.62,1.16,36.1,45.32,1.56,-11.7,-0.36,44.45,1.53,16.39,11.64,35.09,0.56,0.4,1.21,4.01,3.44,304.76
Cambodia,KHM,AS,1998,14.8,3744.42,0.94,,31.24,0.97,-2.96,44.38,1.38,-13.14,-0.41,44.48,1.39,16.71,12.66,34.8,0.52,0.4,1.09,4.68,3.12,268.99
Cambodia,KHM,AS,1999,4,3807.83,1.02,,40.54,1.43,49.58,53.63,1.89,-13.09,-0.46,40.9,1.44,18.04,13.2,35.44,0.63,0.46,1.25,12.71,3.52,295.9
Cambodia,KHM,AS,2000,-0.8,3840.75,1.07,100,49.52,1.82,30.3,61.36,2.26,-11.84,-0.44,35.69,1.31,21.71,15.91,36.9,0.8,0.59,1.36,10.71,3.68,302.58
Cambodia,KHM,AS,2001,-0.6,3916.33,1.13,102.38,52.54,2.09,16.69,61.2,2.44,-8.66,-0.35,34.32,1.37,22.29,16.77,38.39,0.89,0.67,1.53,7.45,3.98,321.15
Cambodia,KHM,AS,2002,3.2,3912.08,1.23,106.65,55.42,2.37,13.04,64.27,2.75,-8.85,-0.36,31.13,1.33,24.25,17.61,39.32,1.04,0.75,1.68,6.58,4.28,338.99
Cambodia,KHM,AS,2003,1.2,3973.33,1.3,99.73,56.52,2.63,11.08,66.56,3.1,-10.04,-0.47,31.97,1.49,24.99,18.2,38.2,1.16,0.85,1.78,8.51,4.66,362.34
Cambodia,KHM,AS,2004,3.9,4016.25,1.33,93.37,63.61,3.4,28.08,70.91,3.78,-7.3,-0.39,29.39,1.57,25.65,18.78,39.29,1.37,1,2.1,10.34,5.34,408.51
Cambodia,KHM,AS,2005,6.3,4092.5,1.35,87.95,64.08,4.03,16.39,72.75,4.58,-8.66,-0.53,30.71,1.93,24.99,17.8,39.08,1.57,1.12,2.46,13.25,6.29,474.11
Cambodia,KHM,AS,2006,6.1,4103.25,1.3,84.65,68.59,4.99,19.19,76.02,5.53,-7.43,-0.56,30.06,2.19,26.18,18.56,38.72,1.9,1.35,2.82,10.77,7.27,539.75
Cambodia,KHM,AS,2007,7.7,4056.17,1.26,80.75,65.33,5.64,10.15,72.94,6.3,-7.62,-0.65,29.7,2.57,24.94,17.33,38.51,2.15,1.5,3.33,10.21,8.64,631.52
Cambodia,KHM,AS,2008,25,4054.17,0.82,74.56,65.54,6.78,15.66,67.78,7.02,-2.23,-0.96,32.75,3.39,22.37,15.35,38.84,2.32,1.59,4.02,6.69,10.35,745.61
Cambodia,KHM,AS,2009,-0.7,4139.33,0.58,79.9,49.22,5.12,-9.87,55.92,5.82,-6.7,-0.86,33.49,3.48,21.66,14.42,38.79,2.25,1.5,4.03,0.09,10.4,738.05
Cambodia,KHM,AS,2010,4,4184.92,0.77,73.78,54.08,6.08,20.56,59.52,6.69,-5.44,-1.67,33.88,3.81,21.87,14.69,38.31,2.46,1.65,4.31,5.96,11.24,785.5
Cambodia,KHM,AS,2011,5.5,4058.5,0.58,67.76,54.08,6.94,18.88,59.5,7.63,-5.42,-1.76,34.56,4.43,22.14,15.17,37.5,2.84,1.95,4.81,7.07,12.83,882.28
Cambodia,KHM,AS,2012,2.9,4033,0.5,70.39,57.89,8.14,14.42,62.71,8.81,-4.82,-1.93,33.52,4.71,22.98,15.09,37.77,3.23,2.12,5.31,7.31,14.05,950.88
Cambodia,KHM,AS,2013,2.9,4027.25,0.44,70.04,62.39,9.5,14.02,67.66,10.3,-5.27,-1.93,31.6,4.81,24.07,15.49,38.51,3.67,2.36,5.86,7.36,15.23,1013.42
Cambodia,KHM,AS,2014,3.9,4037.5,0.69,69.26,62.6,10.46,11.28,67.01,11.19,-4.41,-2.13,28.87,4.82,25.61,15.4,39.7,4.28,2.57,6.63,7.14,16.7,1093.5
Cambodia,KHM,AS,2015,1.2,4067.75,0.39,75.1,61.72,11.14,7.21,66.15,11.94,-4.43,-2.24,26.58,4.8,27.68,16.01,39.83,5,2.89,7.19,7.04,18.05,1162.9
Cambodia,KHM,AS,2016,3,4058.69,0.72,76.64,61.28,12.27,8.62,65.67,13.14,-4.39,-2.24,24.74,4.95,29.45,16,39.89,5.9,3.2,7.98,7.03,20.02,1269.59
Cambodia,KHM,AS,2017,2.9,4050.58,0.68,73.08,60.68,13.46,5.26,64.11,14.22,-3.42,-2.41,23.36,5.18,30.85,16.19,39.72,6.84,3.59,8.79,6.83,22.18,1385.26
Cambodia,KHM,AS,2018,2.5,4051.17,0.65,69.49,61.6,15.14,5.27,63.3,15.55,-1.71,-3.45,22.01,5.41,32.29,16.35,39.49,7.93,4.02,,7.47,24.57,1512.13
Cambodia,KHM,AS,2019,,4061.15,0.68,,61.09,16.55,7.8,62.47,16.92,-1.37,-4.44,20.71,5.61,34.23,16.28,38.85,9.27,4.41,,7.05,27.09,1643.12
China,CHN,AS,1990,3.1,4.78,,102.11,13.61,49.13,,10.66,38.46,2.96,10.67,26.58,95.93,41.03,,32.38,148.07,,,3.91,360.86,317.88
China,CHN,AS,1991,3.6,5.32,2.37,101.03,14.49,55.54,,11.46,43.94,3.03,11.6,24.03,92.14,41.49,,34.48,159.05,,,9.29,383.37,333.14
China,CHN,AS,1992,6.4,5.51,2.37,103.09,15.66,66.85,,14.49,61.85,1.17,5,21.33,91.06,43.12,,35.56,184.07,,,14.22,426.92,366.46
China,CHN,AS,1993,14.6,5.76,2.69,101.04,16.7,74.28,,19.35,86.07,-2.65,-11.5,19.31,85.87,46.18,,34.52,205.36,,,13.87,444.73,377.39
China,CHN,AS,1994,24.3,8.62,2.9,102.04,18.54,104.61,,17.23,97.25,1.3,7.61,19.47,109.9,46.16,,34.36,260.51,,,13.05,564.32,473.49
China,CHN,AS,1995,16.8,8.35,3,101.94,17.95,131.86,,16.32,119.9,1.63,11.96,19.6,143.95,46.75,,33.65,343.4,,,10.95,734.55,609.66
China,CHN,AS,1996,8.3,8.31,3.12,105.94,17.92,154.81,,15.89,137.26,2.03,17.55,19.33,166.92,47.1,,33.57,406.86,,,9.93,863.75,709.41
China,CHN,AS,1997,2.8,8.29,3.23,110.2,19.49,187.45,,15.04,144.62,4.45,42.82,17.9,172.08,47.1,,35.01,452.91,,,9.23,961.6,781.74
China,CHN,AS,1998,-0.8,8.28,3.24,110.64,18.34,188.75,,14.08,144.91,4.26,43.84,17.16,176.57,45.8,,37.04,471.28,,,7.84,1029.04,828.58
China,CHN,AS,1999,-1.4,8.28,3.25,104.12,18.16,198.7,,15.36,168.06,2.8,30.64,16.06,175.75,45.36,,38.58,496.24,,,7.67,1094,873.29
China,CHN,AS,2000,0.3,8.28,3.26,100,20.89,253.09,,18.52,224.31,2.38,28.87,14.68,177.78,45.54,,39.79,551.6,,,8.49,1211.35,959.37
China,CHN,AS,2001,0.7,8.28,3.8,97.44,20.31,272.06,,18.22,243.97,2.1,28.08,13.98,187.29,44.79,,41.22,599.96,,,8.34,1339.4,1053.11
China,CHN,AS,2002,-0.7,8.28,4.24,92.11,22.64,333,,20.1,295.62,2.54,37.38,13.3,195.61,44.45,,42.25,653.67,,,9.13,1470.55,1148.51
China,CHN,AS,2003,1.1,8.28,4.58,92.93,26.98,447.96,,24.82,412.14,2.16,35.82,12.35,205.03,45.62,,42.03,757.47,,,10.04,1660.29,1288.64
China,CHN,AS,2004,3.8,8.28,4.49,90.77,31.06,607.36,,28.44,556.18,2.62,51.17,12.92,252.57,45.9,31.98,41.18,897.51,625.22,805.25,10.11,1955.35,1508.67
China,CHN,AS,2005,1.8,8.19,4.51,88.44,33.83,773.34,,28.38,648.71,5.45,124.63,11.64,266.12,47.02,32.09,41.34,1074.92,733.66,944.9,11.4,2285.97,1753.42
China,CHN,AS,2006,1.6,7.97,4.43,89.47,36.04,991.73,,28.44,782.81,7.59,208.92,10.63,292.43,47.56,32.45,41.82,1308.84,893.13,1150.82,12.72,2752.13,2099.23
China,CHN,AS,2007,4.8,7.61,4.35,88.55,35.43,1258.06,,26.76,950.02,8.68,308.04,10.25,363.77,46.88,32.38,42.87,1664.55,1149.72,1522.32,14.23,3550.34,2693.97
China,CHN,AS,2008,5.9,6.95,4.59,83.81,32.6,1497.87,,25.01,1149.04,7.59,348.83,10.17,467.2,46.97,32.12,42.86,2158,1475.66,1968.8,9.65,4594.31,3468.3
China,CHN,AS,2009,-0.7,6.83,4.72,91.1,24.75,1262.66,,20.44,1042.53,4.31,220.13,9.64,491.61,45.96,31.6,44.41,2344.6,1611.95,2265.24,9.4,5101.7,3832.24
China,CHN,AS,2010,3.2,6.77,4.53,82.05,27.19,1654.82,,23.53,1432.42,3.65,223.02,9.33,567.64,46.5,31.61,44.18,2830.4,1924.32,2688.77,10.64,6087.16,4550.45
China,CHN,AS,2011,5.6,6.46,4.55,79.05,26.57,2006.3,,24.17,1825.4,2.4,181.9,9.18,693.05,46.53,32.06,44.29,3513.66,2421.37,3344.4,9.55,7551.5,5618.13
China,CHN,AS,2012,2.6,6.31,4.57,79.76,25.49,2175.08,,22.77,1943.22,2.72,231.84,9.11,777.6,45.42,31.53,45.46,3875.59,2690.09,3878.49,7.86,8532.23,6316.92
China,CHN,AS,2013,2.6,6.2,4.59,80.65,24.6,2354.25,,22.15,2119.38,2.45,235.38,8.94,855.87,44.18,30.67,46.88,4227.89,2935.34,4486.25,7.77,9570.41,7050.65
China,CHN,AS,2014,1.9,6.14,4.61,82.95,23.51,2462.84,,21.4,2241.29,2.11,221.3,8.64,905.46,43.09,30.4,48.27,4513.51,3184.24,5014.47,7.42,10475.68,7678.6
China,CHN,AS,2015,1.4,6.23,4.63,92.53,21.35,2362.09,,18.11,2003.26,3.24,357.87,8.39,927.73,40.84,28.95,50.77,4517.69,3202.5,5558.41,7.04,11061.55,8066.94
China,CHN,AS,2016,2,6.64,4.53,92.33,19.58,2199.97,,17.31,1944.48,2.27,255.74,8.06,905.1,39.58,28.07,52.36,4446.2,3153.12,5769.66,6.85,11233.28,8147.94
China,CHN,AS,2017,1.6,6.76,4.44,87.29,19.69,2424.2,,17.94,2208.5,1.75,217.01,7.46,918.79,39.85,28.11,52.68,4905.91,3460.33,6318.16,6.95,12310.41,8879.44
China,CHN,AS,2018,2.1,6.62,4.28,84.62,19.11,2655.59,,18.34,2548.88,0.77,103,7.04,978.62,39.69,27.84,53.27,5514.44,3868.46,,6.75,13894.82,9976.68
China,CHN,AS,2019,2.9,6.91,4.32,,18.42,2641.27,,17.26,2476.29,1.15,164.12,7.11,1020.01,38.97,27.17,53.92,5589.79,3896.35,,6.11,14342.9,10261.68
Indonesia,IDN,AS,1990,7.8,1842.81,,94.9,27.31,28.98,0.45,25.59,27.16,1.72,1.78,21.55,22.87,39.38,19.89,39.07,41.8,21.11,41.47,7.24,106.14,585.08
Indonesia,IDN,AS,1991,9.4,1950.32,2.54,91.26,28.35,33.06,19.88,26.49,30.89,1.86,1.06,19.66,22.93,41.2,20.96,39.13,48.05,24.44,45.64,6.91,116.62,631.78
Indonesia,IDN,AS,1992,7.5,2029.92,2.67,88.57,30.31,38.8,14.66,27.12,34.72,3.19,2.31,19.52,24.99,39.98,21.76,40.5,51.19,27.85,51.85,6.5,128.03,681.94
Indonesia,IDN,AS,1993,9.7,2087.1,3.09,88.35,26.75,42.27,6.61,23.77,37.56,2.99,2.34,17.88,28.25,39.68,22.3,42.44,62.7,35.24,67.06,6.5,158.01,827.91
Indonesia,IDN,AS,1994,8.5,2160.75,3.49,84.91,26.51,46.9,9.94,25.37,44.87,1.15,1.28,17.29,30.58,40.64,23.35,42.07,71.89,41.3,74.42,7.54,176.89,912.2
Indonesia,IDN,AS,1995,9.4,2248.61,3.92,90.35,26.31,53.19,7.72,27.65,55.88,-1.33,-1.54,17.14,34.64,41.8,24.13,41.06,84.49,48.78,83,8.22,202.13,1026.39
Indonesia,IDN,AS,1996,8,2342.3,4.37,97.32,25.82,58.72,7.56,26.44,60.12,-0.62,-2.59,16.67,37.91,43.46,25.62,39.87,98.81,58.24,90.66,7.82,227.37,1137.41
Indonesia,IDN,AS,1997,6.2,2909.38,4.68,99.05,27.86,60.11,7.8,28.13,60.7,-0.28,0.41,16.09,34.72,44.33,26.79,39.58,95.64,57.81,85.39,4.7,215.75,1063.71
Indonesia,IDN,AS,1998,58.5,10013.62,5.46,81.82,52.97,50.56,11.18,43.22,41.25,9.75,10.82,18.08,17.26,45.23,25,36.69,43.17,23.86,35.02,-13.13,95.45,463.95
Indonesia,IDN,AS,1999,20.5,7855.15,6.3,66.33,35.51,49.72,-31.8,27.43,38.4,8.08,12.87,19.61,27.46,43.36,25.99,37.03,60.7,36.39,51.84,0.79,140,671.1
Indonesia,IDN,AS,2000,3.7,8421.78,6.08,100,40.98,67.62,26.48,30.46,50.26,10.52,14.62,15.68,25.87,41.97,22.66,33.37,69.26,37.39,55.07,4.92,165.02,780.19
Indonesia,IDN,AS,2001,11.5,10260.85,6.08,101.32,39.03,62.63,0.64,30.76,49.36,8.27,12.32,15.99,25.66,47.89,30.75,38.42,76.84,49.34,61.64,3.64,160.45,748.26
Indonesia,IDN,AS,2002,11.9,9311.19,6.6,101.15,32.69,63.96,-1.22,26.39,51.64,6.3,13.13,16.32,31.93,47.75,31.95,40.1,93.42,62.52,78.47,4.5,195.66,900.18
Indonesia,IDN,AS,2003,6.8,8577.13,6.66,102.01,30.48,71.55,5.89,23.14,54.32,7.34,12.46,15.19,35.65,43.75,28.25,41.07,102.71,66.33,96.41,4.78,234.77,1065.65
Indonesia,IDN,AS,2004,6.1,8938.85,7.3,104.17,32.22,82.74,13.53,27.54,70.74,4.67,11.34,14.34,36.82,44.63,28.07,41.04,114.62,72.08,105.4,5.03,256.84,1150.26
Indonesia,IDN,AS,2005,10.5,9704.74,7.95,105.98,34.07,97.39,16.6,29.92,85.53,4.15,8.41,13.13,37.52,46.54,27.41,40.33,133.05,78.35,115.3,5.69,285.87,1263.29
Indonesia,IDN,AS,2006,13.1,9159.32,7.55,112.07,31.03,113.14,9.41,25.62,93.41,5.41,19.79,12.97,47.3,46.94,27.54,40.08,171.14,100.39,146.13,5.5,364.57,1589.8
Indonesia,IDN,AS,2007,6.4,9141,8.06,115.59,29.44,127.23,8.54,25.39,109.76,4.04,20.91,13.72,59.29,46.8,27.05,39.48,202.27,116.91,170.66,6.35,432.22,1860
Indonesia,IDN,AS,2008,10.2,9698.96,7.21,124.52,29.81,152.09,9.53,28.75,146.71,1.06,9.92,14.48,73.89,48.06,27.81,37.46,245.22,141.92,191.12,6.01,510.23,2166.85
Indonesia,IDN,AS,2009,4.4,10389.94,6.11,118.51,24.16,130.36,-9.69,21.35,115.22,2.81,21.19,15.29,82.5,47.65,26.36,37.06,257.12,142.21,199.96,4.63,539.58,2261.25
Indonesia,IDN,AS,2010,5.1,9090.43,5.61,125.88,24.3,183.48,15.27,22.4,169.16,1.9,21.21,13.93,105.18,42.78,22.04,40.67,323,166.41,307.07,6.22,755.09,3122.36
Indonesia,IDN,AS,2011,5.4,8770.43,5.15,132.74,26.33,235.1,14.77,23.85,213,2.47,24.02,13.51,120.66,43.91,21.76,40.58,392.13,194.32,362.41,6.17,892.97,3643.04
Indonesia,IDN,AS,2012,4.3,9386.63,4.47,127.78,24.59,225.74,1.61,24.99,229.36,-0.39,-1.88,13.37,122.76,43.59,21.45,40.87,400.13,196.89,375.16,6.03,917.87,3694.35
Indonesia,IDN,AS,2013,6.4,10461.24,4.34,121.14,23.92,218.31,4.17,24.71,225.52,-0.79,-6.24,13.36,121.88,42.64,21.03,41.52,389.06,191.89,378.85,5.56,912.52,3623.91
Indonesia,IDN,AS,2014,6.4,11865.21,4.05,120.65,23.67,210.82,1.07,24.41,217.49,-0.75,-3.03,13.34,118.81,41.93,21.08,42.24,373.5,187.74,376.3,5.01,890.81,3491.62
Indonesia,IDN,AS,2015,6.4,13389.41,4.51,121.16,21.16,182.16,-2.12,20.78,178.86,0.38,5.35,13.49,116.15,40.05,20.99,43.31,344.75,180.66,372.83,4.88,860.85,3331.7
Indonesia,IDN,AS,2016,3.5,13308.33,4.3,122.48,19.09,177.89,-1.66,18.33,170.84,0.76,8.23,13.48,125.61,39.31,20.52,43.64,366.31,191.25,407.03,5.03,931.88,3562.85
Indonesia,IDN,AS,2017,3.8,13380.83,4.18,127.92,20.18,204.92,8.9,19.18,194.78,1,11.43,13.16,133.62,39.38,20.16,43.61,399.94,204.75,443.06,5.07,1015.62,3837.65
Indonesia,IDN,AS,2018,3.2,14236.94,4.51,123.88,20.97,218.58,6.55,22.03,229.6,-1.06,-6.71,12.81,133.51,39.73,19.86,43.41,414.09,207.03,,5.17,1042.24,3893.85
Indonesia,IDN,AS,2019,3,14147.67,4.69,,18.41,206.02,-0.87,18.9,211.48,-0.49,-4.23,12.72,142.33,38.95,19.7,44.23,435.91,220.5,,5.02,1119.19,4135.57
Japan,JPN,AS,1990,3.1,144.79,,,10.22,320.17,7.42,9.44,295.83,0.78,,,,,,,,,,4.89,3132.82,25359.35
Japan,JPN,AS,1991,3.3,134.71,2.1,,9.79,350.77,5.43,8.29,297.07,1.5,,,,,,,,,,3.42,3584.42,28925.04
Japan,JPN,AS,1992,1.8,126.65,2.2,,9.69,378.84,4.6,7.64,298.54,2.05,,,,,,,,,,0.85,3908.81,31464.55
Japan,JPN,AS,1993,1.2,111.2,2.5,,9.08,404.34,0.82,6.94,308.94,2.14,,,,,,,,,,-0.52,4454.14,35765.91
Japan,JPN,AS,1994,0.7,102.21,2.9,,9,441.81,4.44,7.1,348.44,1.9,,1.94,95.29,34.7,23.49,63.03,1702.89,1152.47,3093.05,0.99,4907.04,39268.57
Japan,JPN,AS,1995,-0.1,94.06,3.2,,8.97,488.88,4.22,7.71,420,1.26,,1.69,92.09,34.41,23.47,63.19,1875.3,1278.94,3443.35,2.74,5449.12,43440.37
Japan,JPN,AS,1996,0.1,108.78,3.4,,9.48,458.19,4.81,9.05,437.23,0.43,21.31,1.69,81.93,34.5,23.44,63.27,1667.61,1133.04,3058.36,3.1,4833.71,38436.93
Japan,JPN,AS,1997,1.7,120.99,3.4,,10.55,465.7,11.05,9.49,419.04,1.06,47.45,1.56,68.75,34.11,23.42,64.2,1505.87,1034.02,2834.37,1.08,4414.73,35021.72
Japan,JPN,AS,1998,0.7,130.91,4.1,,10.52,424.4,-2.45,8.71,351.13,1.82,72.97,1.63,65.83,33.55,22.9,64.92,1352.8,923.46,2617.91,-1.13,4032.51,31902.77
Japan,JPN,AS,1999,-0.3,113.91,4.7,,9.95,454.01,1.95,8.4,383.09,1.55,69.16,1.6,73.02,33.04,22.47,65.75,1507.29,1025.16,2999.57,-0.25,4562.08,36026.55
Japan,JPN,AS,2000,-0.7,107.77,4.7,100,10.62,519.27,12.74,9.2,449.42,1.43,69.09,1.54,75.07,32.76,22.56,65.86,1601.07,1102.54,3219,2.78,4887.52,38532.04
Japan,JPN,AS,2001,-0.7,121.53,5,100.56,10.23,440.21,-6.71,9.57,411.81,0.66,26.48,1.38,59.5,31.27,21.25,66.89,1345.71,914.67,2878.84,0.41,4303.54,33846.46
Japan,JPN,AS,2002,-0.9,125.39,5.4,100.99,11.02,453.41,7.76,9.67,397.82,1.35,51.6,1.39,57.29,30.54,20.88,68.06,1256.74,859.39,2800.92,0.12,4115.12,32289.35
Japan,JPN,AS,2003,-0.3,115.93,5.3,97.68,11.64,517.44,9.52,9.94,442.07,1.7,72.49,1.31,58.45,30.42,21.11,68.35,1352.16,938.49,3038.7,1.53,4445.66,34808.39
Japan,JPN,AS,2004,0,108.19,4.7,92.41,12.97,624.62,14.27,10.95,527.27,2.02,94.23,1.24,59.82,30.3,21.33,68.51,1458.92,1027.19,3298.7,2.2,4815.15,37688.72
Japan,JPN,AS,2005,-0.3,110.22,4.4,83.23,14.01,666.35,7.17,12.5,594.57,1.51,69.91,1.13,53.52,30.2,21.64,68.96,1436.1,1029.3,3279.56,1.66,4755.41,37217.65
Japan,JPN,AS,2006,0.2,116.3,4.1,75.42,15.87,719.1,10.31,14.46,655.04,1.41,63.05,1.09,49.58,29.98,21.61,68.95,1358.32,979.19,3123.79,1.42,4530.38,35433.99
Japan,JPN,AS,2007,0.1,117.75,3.9,71.66,17.49,789.87,8.67,15.6,704.41,1.89,83.5,1.06,47.9,29.88,22.08,69.09,1349.27,996.79,3119.41,1.65,4515.26,35275.23
Japan,JPN,AS,2008,1.4,103.36,4,62.01,17.42,877.81,1.56,16.97,855.18,0.45,17.34,1.06,53.32,29.01,21.43,69.77,1461.26,1079.54,3514.75,-1.09,5037.91,39339.3
Japan,JPN,AS,2009,-1.4,93.57,5.1,74.37,12.52,655.02,-23.43,11.97,626.2,0.55,23.25,1.08,56.64,27.27,19.15,71.53,1426.73,1001.61,3742.18,-5.42,5231.38,40855.18
Japan,JPN,AS,2010,-0.7,87.78,5.1,67.73,15.04,857.11,24.91,13.58,773.86,1.46,78.2,1.1,62.83,28.44,20.83,70.21,1621.37,1187.5,4002.03,4.19,5700.1,44507.68
Japan,JPN,AS,2011,-0.3,79.81,4.52,61.6,14.92,919,-0.25,15.47,952.44,-0.54,-39.54,1.08,66.22,26.88,19.67,71.54,1655.23,1210.91,4405.3,-0.12,6157.46,48168
Japan,JPN,AS,2012,-0.1,79.79,4.3,60.46,14.54,902.24,-0.09,16.09,998.18,-1.55,-101.2,1.14,70.83,26.75,19.73,71.59,1659.24,1223.99,4440.61,1.5,6203.21,48603.48
Japan,JPN,AS,2013,0.3,97.6,4,59.02,15.92,820.55,0.76,18.23,940,-2.32,-125.13,1.1,56.93,26.94,19.44,71.35,1388.83,1002.08,3678.45,2,5155.72,40454.45
Japan,JPN,AS,2014,2.8,105.94,3.6,58.44,17.54,850.78,9.29,20.01,970.35,-2.47,-128.61,1.06,51.23,27.69,19.73,70.49,1342.99,957.05,3418.92,0.37,4850.41,38109.41
Japan,JPN,AS,2015,0.8,121.04,3.4,66.67,17.61,773.03,2.94,18.03,791.42,-0.42,-23.28,1.11,48.89,29.02,20.81,69.3,1273.81,913.6,3039.08,1.22,4389.48,34524.47
Japan,JPN,AS,2016,-0.1,108.79,3.1,72.33,16.27,800.72,1.71,15.28,751.94,0.99,40.44,1.21,59.73,28.98,20.73,69.42,1426.31,1020.39,3404,0.52,4922.54,38761.82
Japan,JPN,AS,2017,0.5,112.17,2.8,68.68,17.75,863.96,6.83,16.82,818.68,0.93,37.64,1.21,58.99,29.16,20.79,68.98,1419.3,1011.71,,2.17,4866.86,38386.51
Japan,JPN,AS,2018,1,110.42,2.4,64.73,18.52,917.87,3.43,18.29,906.31,0.23,1.41,1.24,61.41,29.07,20.75,69.31,1440.46,1027.97,,0.32,4954.81,39159.42
Japan,JPN,AS,2019,0.5,109.01,2.29,,,,,,,,4.58,,,,,,,,,0.65,5081.77,40246.88
Laos,LAO,AS,1990,35.6,707.75,,,11.33,0.1,,24.52,0.21,-13.19,-0.11,46.47,0.4,14.38,4.18,40.25,0.12,0.04,0.35,6.7,0.87,203.26
Laos,LAO,AS,1991,13.4,702.08,2.45,,12.95,0.13,,25.23,0.26,-12.27,-0.11,43.96,0.45,16.58,5.21,42.53,0.17,0.05,0.44,4.3,1.03,234.76
Laos,LAO,AS,1992,9.9,716.08,2.49,,17.03,0.19,,27.11,0.31,-10.08,-0.11,46.73,0.53,17.53,5.6,42.92,0.2,0.06,0.48,5.56,1.13,250.6
Laos,LAO,AS,1993,6.3,716.25,2.58,,21.46,0.28,,31.17,0.41,-9.71,-0.14,43.42,0.58,17.44,5.46,41.1,0.23,0.07,0.55,5.91,1.33,287.39
Laos,LAO,AS,1994,6.8,717.67,2.6,,24.99,0.39,,39.82,0.61,-14.84,-0.28,44.09,0.68,17.76,5.47,39.06,0.27,0.08,0.6,8.16,1.54,325.94
Laos,LAO,AS,1995,19.6,804.69,2.6,,23.22,0.41,,37.33,0.66,-14.11,-0.34,42.23,0.74,18.76,5.98,40.86,0.33,0.11,0.72,7.03,1.76,363.88
Laos,LAO,AS,1996,13,921.02,2.47,,22.7,0.43,,41.06,0.77,-18.36,-0.34,40.5,0.76,20.61,6.59,40.73,0.39,0.12,0.76,6.93,1.87,378.43
Laos,LAO,AS,1997,27.5,1259.98,2.32,,23.89,0.42,,41.26,0.72,-17.37,-0.29,51.85,0.91,20.63,15.6,55.7,0.36,0.27,0.97,6.87,1.75,345.92
Laos,LAO,AS,1998,91,3298.33,2.19,,36.46,0.47,,47.81,0.61,-11.36,-0.12,33.94,0.43,22.26,8.69,43.57,0.28,0.11,0.56,3.97,1.28,248.84
Laos,LAO,AS,1999,125.3,7102.02,2.09,,35.88,0.52,,44.18,0.64,-8.31,-0.11,34.31,0.5,22.47,8.7,40.53,0.33,0.13,0.59,7.31,1.45,277.81
Laos,LAO,AS,2000,25.1,7887.64,1.95,100,30.66,0.53,,38.18,0.66,-7.51,-0.07,33.63,0.58,16.48,8.71,42.23,0.29,0.15,0.73,5.8,1.73,325.19
Laos,LAO,AS,2001,7.8,8954.58,1.83,100.93,27.87,0.49,-13.74,38.03,0.67,-10.15,-0.05,32.68,0.58,16.99,9.14,41.84,0.3,0.16,0.74,5.75,1.77,326.94
Laos,LAO,AS,2002,10.6,10056.33,1.74,102.67,28.75,0.51,-4.59,38.5,0.68,-9.75,0,33.39,0.59,18.38,10.15,42.05,0.32,0.18,0.74,5.92,1.76,320.06
Laos,LAO,AS,2003,15.5,10569.04,1.63,100.49,23.5,0.48,-8.27,37.07,0.75,-13.57,-0.03,32.09,0.65,20.12,9.81,41.93,0.41,0.2,0.85,6.07,2.02,362.82
Laos,LAO,AS,2004,10.5,10585.38,1.49,94.89,24.91,0.59,4.48,41.17,0.97,-16.26,-0.2,30.52,0.72,19.36,10.1,44.06,0.46,0.24,1.04,6.36,2.37,417.93
Laos,LAO,AS,2005,7.2,10655.17,1.35,90.22,28.96,0.79,11.66,42.83,1.17,-13.87,-0.16,28.3,0.77,23.23,9.64,43.39,0.64,0.26,1.19,7.11,2.74,475.61
Laos,LAO,AS,2006,6.5,10153.62,1.14,100.98,38.16,1.32,14.38,43.81,1.51,-5.65,0.01,26.73,0.92,26.18,9.46,38.14,0.9,0.33,1.32,8.62,3.45,590.63
Laos,LAO,AS,2007,4.7,9602.73,0.97,98.59,33.61,1.42,8.14,45.6,1.93,-11.98,0.09,25.79,1.09,25.39,10.06,41.67,1.07,0.42,1.76,7.6,4.22,710.34
Laos,LAO,AS,2008,7.6,8740.18,0.84,94.21,33.15,1.8,13.58,48.7,2.65,-15.54,-0.02,24.18,1.32,26.95,10.08,44.11,1.47,0.55,2.4,7.82,5.44,900.32
Laos,LAO,AS,2009,0.1,8511.35,0.8,94.23,30.08,1.75,5.6,46.85,2.73,-16.76,-0.15,24.21,1.41,25.16,11.68,45.7,1.47,0.68,2.67,7.5,5.83,948.65
Laos,LAO,AS,2010,6,8254.16,0.71,110.35,35.38,2.52,15.71,49.34,3.52,-13.95,-0.07,22.6,1.61,30.47,11.09,43.57,2.17,0.79,3.11,8.53,7.13,1140.6
Laos,LAO,AS,2011,7.6,8029.26,0.71,110.6,40.34,3.53,22.42,51.36,4.49,-11.01,-0.35,20.79,1.82,30.82,10.67,41.77,2.7,0.93,3.65,8.04,8.75,1378.36
Laos,LAO,AS,2012,4.3,8006.58,0.71,102.2,37.88,3.86,6.71,60.31,6.15,-22.43,-0.95,18.55,1.89,32.44,8.98,40.15,3.31,0.92,4.09,8.03,10.19,1581.4
Laos,LAO,AS,2013,6.4,7833.23,0.72,98.84,38.17,4.56,19.36,60.01,7.17,-21.83,-1.06,17.93,2.14,30.43,8.44,42.49,3.63,1.01,5.07,8.03,11.94,1825.67
Laos,LAO,AS,2014,4.1,8042.42,0.7,98.47,40.75,5.41,7.03,58.31,7.74,-17.55,-2.09,17.85,2.37,28.82,8.43,44.16,3.82,1.12,5.86,7.61,13.27,1998.34
Laos,LAO,AS,2015,1.3,8127.61,0.69,96.06,33.95,4.89,6.65,51.85,7.46,-17.89,-2.26,17.59,2.53,27.69,8.19,44.17,3.99,1.18,6.36,7.27,14.39,2134.71
Laos,LAO,AS,2016,1.6,8124.37,0.68,96.35,33.21,5.25,10.46,41.88,6.62,-8.67,-1.32,17.23,2.72,28.76,7.77,42.48,4.55,1.23,6.71,7.02,15.81,2308.8
Laos,LAO,AS,2017,0.8,8244.84,0.66,102.84,,,,,,,-1.13,16.2,2.73,30.91,7.48,41.53,5.21,1.26,7,6.89,16.85,2423.85
Laos,LAO,AS,2018,2,8401.33,0.64,99.81,,,,,,,-1.1,15.71,2.82,31.53,7.45,41.61,5.66,1.34,,6.25,17.95,2542.49
Laos,LAO,AS,2019,3.3,8679.41,0.63,,,,,,,,,15.29,2.78,30.91,7.48,42.65,5.62,1.36,,4.65,18.17,2534.9
Malaysia,MYS,AS,1990,2.6,2.7,,102.73,74.47,32.78,17.82,72.42,31.88,2.04,0.9,15.22,6.7,42.2,24.22,44.19,18.58,10.66,19.46,9.01,44.02,2441.74
Malaysia,MYS,AS,1991,4.4,2.75,3.66,109.17,77.83,38.25,15.77,81.49,40.04,-3.66,-1.8,14.36,7.05,42.11,25.55,44.82,20.69,12.56,22.03,9.55,49.14,2653.53
Malaysia,MYS,AS,1992,4.8,2.55,3.71,109.09,75.98,44.96,12.6,74.63,44.16,1.36,0.8,14.57,8.62,41.15,25.82,45.66,24.35,15.28,27.02,8.89,59.17,3113.65
Malaysia,MYS,AS,1993,3.5,2.57,4.11,108.57,78.92,52.79,11.54,79.02,52.86,-0.1,-0.07,13.79,9.22,40.08,25.93,47.97,26.81,17.34,32.09,9.89,66.89,3433.16
Malaysia,MYS,AS,1994,3.7,2.62,3.62,110.19,89.15,66.4,21.91,90.75,67.59,-1.6,-1.15,13.66,10.17,40.04,26.64,47.94,29.82,19.84,35.71,9.21,74.48,3728.11
Malaysia,MYS,AS,1995,3.5,2.5,3.15,108.55,94.09,83.46,18.96,98.02,86.95,-3.93,-3.48,12.95,11.49,41.4,26.38,47.88,36.73,23.4,42.47,9.83,88.71,4329.71
Malaysia,MYS,AS,1996,3.5,2.52,2.52,112.07,91.58,92.36,9.23,90.19,90.96,1.39,1.41,11.68,11.78,43.53,27.84,47.9,43.9,28.08,48.31,10,100.86,4798.61
Malaysia,MYS,AS,1997,2.7,2.81,2.45,111.21,93.29,93.29,5.49,92.38,92.38,0.91,0.94,11.1,11.1,44.57,28.38,48.24,44.58,28.38,48.25,7.32,100.01,4637.87
Malaysia,MYS,AS,1998,5.3,3.92,3.2,107,115.74,83.53,0.49,93.75,67.66,22,15.9,13.31,9.61,43.88,28.78,48.97,31.66,20.77,35.34,-7.36,72.17,3263.33
Malaysia,MYS,AS,1999,2.7,3.8,3.43,105.1,121.31,96.02,13.16,96.26,76.19,25.05,19.83,10.84,8.58,46.46,30.94,47.88,36.77,24.49,37.9,6.14,79.15,3492.67
Malaysia,MYS,AS,2000,1.5,3.8,3,100,119.81,112.37,16.07,100.6,94.35,19.21,18.02,8.6,8.06,48.32,30.86,46.3,45.32,28.95,43.43,8.86,93.79,4043.66
Malaysia,MYS,AS,2001,1.4,3.8,3.53,99.86,110.4,102.44,-6.83,92.96,86.25,17.44,16.18,8.01,7.43,46.2,29.34,49.17,42.87,27.22,45.62,0.52,92.78,3913.43
Malaysia,MYS,AS,2002,1.8,3.8,3.48,100.01,108.31,109.22,5.43,91.05,91.82,17.25,16.57,8.99,9.06,45.12,29.25,48.7,45.5,29.49,49.11,5.39,100.85,4165.73
Malaysia,MYS,AS,2003,1.1,3.8,3.61,101.45,106.94,117.85,5.13,87.25,96.15,19.69,21.76,9.31,10.26,46.58,29.93,46.71,51.33,32.98,51.48,5.79,110.2,4461.85
Malaysia,MYS,AS,2004,1.4,3.8,3.54,101.1,115.37,143.93,16.06,95,118.51,20.37,25.41,9.27,11.57,48.53,30.38,44.55,60.54,37.9,55.57,6.78,124.75,4952.21
Malaysia,MYS,AS,2005,3,3.79,3.53,102.21,112.9,162.05,8.3,90.96,130.55,21.94,30.78,8.26,11.86,46.37,27.55,44.2,66.55,39.54,63.44,5.33,143.53,5587.03
Malaysia,MYS,AS,2006,3.6,3.67,3.32,101.72,112.19,182.52,6.68,90.39,147.06,21.79,35.47,8.61,14.01,46.52,27.57,43.93,75.68,44.85,71.46,5.58,162.69,6209.12
Malaysia,MYS,AS,2007,2,3.44,3.23,101.81,106.17,205.49,4.43,86.3,167.03,19.87,38.52,9.99,19.33,44.6,26.12,44.52,86.31,50.56,86.17,6.3,193.55,7243.46
Malaysia,MYS,AS,2008,5.4,3.34,3.34,109.03,99.5,229.66,1.57,77.17,178.12,22.33,51.31,9.97,23.01,45.11,24.56,43.95,104.11,56.69,101.44,4.83,230.81,8474.59
Malaysia,MYS,AS,2009,0.6,3.52,3.69,95.66,91.42,184.9,-10.88,71.14,143.89,20.27,41.55,9.22,18.65,40.97,23.8,48.84,82.86,48.14,98.77,-1.51,202.26,7292.49
Malaysia,MYS,AS,2010,1.6,3.22,3.25,97.44,86.93,221.69,10.42,71.01,181.1,15.92,40.43,10.09,25.73,40.5,23.43,48.48,103.28,59.76,123.63,7.42,255.02,9040.57
Malaysia,MYS,AS,2011,3.2,3.06,3.05,102.81,85.26,254.02,4.18,69.68,207.62,15.57,46.44,11.45,34.13,39.82,23.32,47.77,118.66,69.48,142.32,5.29,297.95,10399.37
Malaysia,MYS,AS,2012,1.7,3.09,3.04,102.46,79.3,249.35,-1.74,68.54,215.53,10.76,33.88,9.79,30.8,40.14,23.14,49.02,126.2,72.76,154.15,5.47,314.44,10817.44
Malaysia,MYS,AS,2013,2.1,3.15,3.11,100.37,75.63,244.49,0.26,67.09,216.89,8.54,27.54,9.11,29.46,39.89,22.84,49.94,128.94,73.84,161.46,4.69,323.28,10970.12
Malaysia,MYS,AS,2014,3.1,3.27,2.88,100.55,73.79,249.47,5.04,64.52,218.11,9.27,31.34,8.87,30,39.92,22.87,50.12,134.97,77.33,169.45,6.01,338.06,11319.08
Malaysia,MYS,AS,2015,2.1,3.91,3.1,97.15,69.45,209.29,0.25,61.92,186.6,7.53,22.71,8.29,24.97,38.45,22.29,52.01,115.87,67.18,151.69,5.09,301.35,9955.24
Malaysia,MYS,AS,2016,2.1,4.15,3.44,93.93,66.78,201.16,1.32,60.12,181.13,6.65,19.99,8.46,25.49,37.68,21.8,52.53,113.52,65.66,153.2,4.45,301.26,9817.74
Malaysia,MYS,AS,2017,3.9,4.3,3.41,94.95,70.05,223.42,8.68,63.17,201.5,6.87,21.99,8.61,27.47,38.13,21.86,51.85,121.62,69.71,160.28,5.74,318.96,10254.23
Malaysia,MYS,AS,2018,0.9,4.04,3.35,94.6,68.76,246.55,2.23,61.75,221.41,7.01,25.13,7.54,27.03,38.3,21.56,52.96,137.33,77.32,,4.74,358.58,11373.23
Malaysia,MYS,AS,2019,0.7,4.14,3.32,,65.34,238.3,-1.14,57.75,210.62,7.59,,7.28,26.54,37.42,21.46,54.17,136.48,78.28,,4.33,364.7,11414.84
New Zealand,NZL,OC,1990,6.1,1.68,,,26.76,12.18,9.31,25.85,11.76,0.92,,5.99,2.72,26.54,17.79,60.34,12.07,8.09,27.45,0.15,45.5,13663.02
New Zealand,NZL,OC,1991,2.6,1.73,10.61,,29.16,12.47,9.24,25.47,10.89,3.69,,6.89,2.94,25.99,17.86,60.07,11.11,7.64,25.68,-1.09,42.75,12230.07
New Zealand,NZL,OC,1992,1,1.86,10.67,,31.19,12.99,4.59,28.04,11.68,3.15,,6.72,2.8,25.96,17.91,60.25,10.81,7.46,25.09,1.09,41.65,11793.14
New Zealand,NZL,OC,1993,1.3,1.85,9.8,,30.6,14.31,7.15,26.95,12.61,3.65,,7.33,3.43,25.97,17.94,59.65,12.15,8.39,27.9,6.39,46.78,13094.35
New Zealand,NZL,OC,1994,1.7,1.69,8.35,,30.78,17.02,8.5,28.04,15.51,2.74,,6.51,3.6,26.54,18.45,59.57,14.68,10.21,32.95,5.12,55.31,15280.31
New Zealand,NZL,OC,1995,3.8,1.52,6.46,,29.39,18.79,3.78,27.52,17.59,1.87,,6.45,4.12,25.72,17.7,60.43,16.44,11.31,38.63,4.72,63.92,17400.42
New Zealand,NZL,OC,1996,2.3,1.45,6.29,,28.35,19.88,4.2,26.77,18.77,1.58,,6.44,4.52,25.06,16.66,61.04,17.58,11.69,42.82,3.62,70.14,18794.44
New Zealand,NZL,OC,1997,1.2,1.51,6.86,,28.32,18.71,3.41,26.93,17.79,1.39,,6.08,4.02,24.81,16.32,61.78,16.39,10.78,40.82,2.05,66.08,17474.19
New Zealand,NZL,OC,1998,1.3,1.87,7.72,,29.62,16.65,3.42,28.28,15.9,1.34,,5.95,3.34,23.81,15.78,63.27,13.39,8.88,35.57,0.8,56.23,14738.45
New Zealand,NZL,OC,1999,-0.1,1.89,7.02,,30.95,18.19,8.3,30.45,17.89,0.5,,6.28,3.69,24.06,15.56,62.7,14.14,9.14,36.85,5.45,58.76,15322.22
New Zealand,NZL,OC,2000,2.6,2.2,6.13,100,35.75,18.81,6.06,32.77,17.25,2.97,1.25,7.75,4.08,23.59,15.5,61.81,12.41,8.16,32.53,2.91,52.62,13641.1
New Zealand,NZL,OC,2001,2.6,2.38,5.43,106.54,35.43,19.09,3.29,31.8,17.13,3.63,2.25,7.98,4.3,23.11,15.19,62.12,12.45,8.18,33.47,3.46,53.87,13882.86
New Zealand,NZL,OC,2002,2.7,2.16,5.28,101.88,32.85,21.89,7.53,29.81,19.86,3.04,1.66,5.85,3.9,23.86,15.55,63.21,15.9,10.36,42.11,4.67,66.63,16874.19
New Zealand,NZL,OC,2003,1.8,1.72,4.75,102.99,29.84,26.33,2.68,28.08,24.78,1.76,1.64,5.73,5.06,23.26,14.72,63.9,20.53,12.99,56.4,4.55,88.25,21913.71
New Zealand,NZL,OC,2004,2.3,1.51,4.01,109.13,29.54,30.7,3.17,29.26,30.4,0.29,0.62,5.37,5.58,23.55,14.56,63.89,24.47,15.12,66.39,4.03,103.91,25420.23
New Zealand,NZL,OC,2005,3,1.42,3.81,110.05,28.29,32.45,-0.44,29.73,34.11,-1.45,-1.28,4.52,5.18,23.94,14.53,64.31,27.47,16.66,73.77,3.32,114.72,27751.07
New Zealand,NZL,OC,2006,3.4,1.54,3.86,109.47,29.59,33.03,3.47,29.98,33.46,-0.39,-0.76,4.98,5.56,22.98,13.3,64.35,25.65,14.85,71.82,2.85,111.61,26671.33
New Zealand,NZL,OC,2007,2.4,1.36,3.66,116,29.25,40.16,3.92,29.12,39.99,0.12,-0.26,6.06,8.33,22.95,12.31,63.43,31.51,16.91,87.1,3.07,137.32,32511.13
New Zealand,NZL,OC,2008,4,1.42,4.17,124.56,32.04,42.71,-2.69,32.29,43.04,-0.25,-0.8,5.01,6.67,23.21,12.4,64.36,30.94,16.52,85.78,-1.03,133.29,31290.25
New Zealand,NZL,OC,2009,2.1,1.6,6.12,111.58,28.74,34.88,4.04,26.42,32.06,2.32,2.44,5.75,6.98,21.42,10.77,65.5,26,13.07,79.49,-0.15,121.36,28205.73
New Zealand,NZL,OC,2010,2.3,1.39,6.56,123.5,30.25,44.36,2.82,27.96,40.99,2.29,3.32,6.58,9.65,21.19,10.84,64.37,31.07,15.89,94.38,1.56,146.62,33700.13
New Zealand,NZL,OC,2011,4,1.27,6.49,129.09,30.36,51.15,2.29,28.81,48.54,1.55,3.3,6.28,10.58,21.01,10.93,64.33,35.4,18.42,108.35,2.36,168.51,38437.54
New Zealand,NZL,OC,2012,1.1,1.23,6.93,120.39,28.85,50.85,3.04,28.16,49.63,0.7,0.79,5.52,9.72,20.97,10.61,65.02,36.96,18.69,114.54,2.24,176.25,39982.75
New Zealand,NZL,OC,2013,1.1,1.22,6.26,131.15,28.82,55.01,0.14,27.21,51.93,1.61,1.91,7.04,13.43,20.34,10.24,64.33,38.82,19.54,122.72,2.63,190.85,42962.99
New Zealand,NZL,OC,2014,1.2,1.21,5.75,138.52,28.02,56.3,4.65,27.16,54.56,0.86,2.37,4.79,9.62,21.44,11.07,65.4,43.09,22.25,131.42,3.63,200.92,44553.28
New Zealand,NZL,OC,2015,0.3,1.43,5.36,132.9,27.92,49.54,6.24,26.88,47.71,1.03,1.9,4.49,7.96,21.24,11.29,65.8,37.69,20.03,116.53,3.62,177.47,38616
New Zealand,NZL,OC,2016,0.6,1.44,5.1,133.3,26.54,49.96,1.56,25.67,48.32,0.87,1.8,5.57,10.48,20.16,10.09,65.55,37.95,19,,3.68,188.22,40105.61
New Zealand,NZL,OC,2017,1.9,1.41,4.7,145.44,27.48,56.45,3.55,26.37,54.16,1.12,2.42,5.81,11.94,20.43,10.24,65.18,41.97,21.04,,3.16,205.42,42849.43
New Zealand,NZL,OC,2018,1.6,1.45,4.3,144.65,27.98,58.18,2.83,27.96,58.14,0.02,0.07,,,,,,,,,3.76,207.92,42949.93
New Zealand,NZL,OC,2019,1.6,1.52,4.07,,,,,,,,0.31,,,,,,,,,2.17,206.93,42084.35
Philippines,PHL,AS,1990,12.2,24.31,,87.37,27.52,12.19,1.86,33.28,14.75,-5.77,-2.54,21.9,9.71,34.47,24.83,43.62,15.28,11,19.33,3.04,44.31,715.91
Philippines,PHL,AS,1991,19.3,27.48,3.53,93.41,29.6,13.44,6.27,32.59,14.8,-2.99,-1.36,20.98,9.53,34.01,25.32,45,15.45,11.5,20.44,-0.58,45.42,715.75
Philippines,PHL,AS,1992,8.7,25.51,3.57,79.21,29.13,15.43,4.28,34.03,18.03,-4.9,-2.26,21.82,11.56,32.84,24.18,45.34,17.4,12.81,24.02,0.34,52.98,814.77
Philippines,PHL,AS,1993,6.7,27.12,3.65,77.67,31.36,17.05,6.22,39.81,21.64,-8.45,-4.64,21.6,11.75,32.68,23.71,45.71,17.77,12.89,24.85,2.12,54.37,816.41
Philippines,PHL,AS,1994,10.4,26.42,3.67,77.88,33.83,21.68,19.79,40.13,25.72,-6.31,-5.74,22,14.1,32.53,23.26,45.47,20.85,14.91,29.14,4.39,64.08,939.92
Philippines,PHL,AS,1995,6.8,25.71,3.67,80.2,36.36,26.95,12.04,44.18,32.75,-7.82,-6.52,21.63,16.03,32.06,22.99,46.31,23.76,17.04,34.33,4.68,74.12,1062.13
Philippines,PHL,AS,1996,7.5,26.22,3.69,81.13,40.51,33.56,15.4,49.29,40.84,-8.79,-7.82,20.62,17.08,32.09,22.81,47.3,26.58,18.9,39.18,5.85,82.85,1160.31
Philippines,PHL,AS,1997,5.6,29.47,3.68,82.41,48.96,40.31,17.15,59.29,48.83,-10.34,-10.11,18.87,15.54,32.13,22.26,48.99,26.46,18.33,40.34,5.19,82.34,1127.53
Philippines,PHL,AS,1998,9.2,40.89,3.67,87.39,44.76,32.32,-21.03,53.9,38.92,-9.13,-2.66,14.76,10.66,34.39,23.46,50.85,24.83,16.94,36.72,-0.58,72.21,966.99
Philippines,PHL,AS,1999,5.9,39.09,3.71,102.88,45.49,37.75,10.17,49.42,41.02,-3.93,-7.6,15.21,12.62,33.06,23.47,51.73,27.43,19.48,42.94,3.08,83,1087.38
Philippines,PHL,AS,2000,4,44.19,3.7,100,43.34,36.27,13.72,41.81,34.98,1.54,-7.84,13.94,11.66,34.98,25.28,51.08,29.26,21.15,41.79,4.41,83.67,1072.81
Philippines,PHL,AS,2001,5.3,50.99,3.7,98.65,41.16,32.48,-2.17,43.74,34.52,-2.59,-8.55,13.3,10.5,34.9,25.31,51.8,27.54,19.98,39.88,3.05,78.92,990.56
Philippines,PHL,AS,2002,2.7,51.6,3.63,91.99,40.01,33.73,4.85,43.84,36.96,-3.83,-7.53,13.45,11.34,34.78,25.14,51.77,29.32,21.19,42.53,3.72,84.31,1036.16
Philippines,PHL,AS,2003,2.3,54.2,3.53,95.11,42.31,36.82,9.23,45.27,39.4,-2.96,-7.81,13.15,11.45,34.54,24.84,52.31,30.06,21.62,44.25,5.09,87.04,1048.01
Philippines,PHL,AS,2004,4.8,56.04,3.55,92.02,41.83,39.74,6.54,45.3,43.03,-3.47,-7.46,13.98,13.29,33.62,24.01,52.4,31.94,22.81,48.37,6.57,95,1121.49
Philippines,PHL,AS,2005,6.5,55.09,3.8,92.3,41.23,44.29,12.5,42.62,45.78,-1.39,-10,13.52,14.52,33.81,24.27,52.67,36.32,26.07,55.14,4.94,107.42,1244.35
Philippines,PHL,AS,2006,5.5,51.31,4.05,90.59,41.25,52.65,10.06,39.61,50.56,1.64,-6.98,13.36,17.06,33.46,23.83,53.18,42.72,30.42,66.16,5.32,127.65,1452.44
Philippines,PHL,AS,2007,2.9,46.15,3.43,88.51,38.01,59.29,2.86,35.63,55.58,2.38,-8.01,13.61,21.22,33,23.15,53.39,51.47,36.11,81.33,6.52,155.98,1744.64
Philippines,PHL,AS,2008,8.3,44.32,3.72,77.84,33.36,60.38,-4.3,34.32,62.13,-0.97,-16.68,14.52,26.28,32.77,23.27,52.72,59.31,42.12,93.85,4.34,181.01,1991.23
Philippines,PHL,AS,2009,4.2,47.68,3.86,83.2,30.22,53.23,-4.71,30.67,54.01,-0.45,-8.96,14.54,25.61,31.52,21.74,53.94,55.52,38.29,92.94,1.45,176.13,1905.89
Philippines,PHL,AS,2010,3.8,45.11,3.61,81.17,32.87,68.5,20.31,33.23,69.24,-0.35,-11.09,13.75,28.65,32.34,21.92,53.91,67.39,45.67,110.01,7.33,208.37,2217.47
Philippines,PHL,AS,2011,4.7,43.31,3.59,75.11,29.11,68.17,-0.78,31.69,74.22,-2.58,-13.87,14.1,33.01,31.34,21.7,54.57,73.4,50.84,125.37,3.86,234.22,2450.73
Philippines,PHL,AS,2012,3,42.23,3.5,74.96,27.47,71.94,4.51,30.37,79.56,-2.91,-12.75,13.1,34.3,31.4,21.33,55.5,82.24,55.86,142.35,6.9,261.92,2694.31
Philippines,PHL,AS,2013,2.6,42.45,3.5,73.52,26.18,74.32,1.97,29.65,84.17,-3.47,-10.65,12.47,35.41,30.78,20.43,56.75,87.37,58.01,156.66,6.75,283.9,2871.43
Philippines,PHL,AS,2014,3.6,44.4,3.6,76.75,27.35,81.38,12.14,30.11,89.58,-2.76,-12.75,12.27,36.51,31.05,20.58,56.68,92.36,61.21,163.17,6.35,297.48,2959.65
Philippines,PHL,AS,2015,0.7,45.5,3.07,82.17,27.21,83.38,9.97,31.93,97.86,-4.73,-17.85,11,33.7,30.48,19.93,58.52,93.41,61.07,172.28,6.35,306.45,3001.04
Philippines,PHL,AS,2016,1.3,47.49,2.71,84.2,26.67,84.99,9.21,35.1,111.85,-8.43,-28.51,10.21,32.52,30.29,19.59,59.51,96.5,62.42,181.71,7.15,318.63,3073.65
Philippines,PHL,AS,2017,2.9,50.4,2.55,82.72,29.55,97.07,17.4,38.62,126.85,-9.06,-31.52,10.18,33.45,30.13,19.5,59.69,98.96,64.05,187.81,6.93,328.48,3123.23
Philippines,PHL,AS,2018,5.2,52.66,2.34,79.78,30.21,104.79,11.82,41.95,145.5,-11.74,-39.36,9.65,33.47,30.56,19.1,59.79,106.01,66.24,,6.34,346.84,3252.09
Philippines,PHL,AS,2019,2.5,51.8,2.15,,28.34,106.78,2.38,40.27,151.72,-11.93,-36.42,8.82,33.25,30.17,18.46,61.01,113.66,69.57,,6.04,376.8,3485.08
Singapore,SGP,AS,1990,3.5,1.81,,116.16,177.19,64.05,13.08,167.14,60.41,10.05,2.54,0.32,0.12,30.86,24.4,64.18,11.15,8.82,23.21,9.82,36.14,11861.76
Singapore,SGP,AS,1991,3.4,1.73,2.18,112.87,168.55,76.63,8.59,155.34,70.63,13.2,4.59,0.25,0.11,32.62,25.46,62.82,14.83,11.58,28.58,6.69,45.47,14502.38
Singapore,SGP,AS,1992,2.3,1.63,3.09,109.71,161.73,84.31,7.24,149.59,77.98,12.14,4.84,0.2,0.1,32.29,24.35,62.46,16.83,12.69,32.59,6.64,52.13,16135.91
Singapore,SGP,AS,1993,2.3,1.62,3.07,109.8,161.65,97.97,16.98,151.77,91.98,9.88,4.55,0.17,0.1,32.14,24.47,62.01,19.48,14.83,37.62,11.46,60.6,18290.03
Singapore,SGP,AS,1994,3.1,1.53,3.03,105.61,166.19,122.47,18.49,150.02,110.55,16.17,10.5,0.17,0.13,31.3,23.62,61.83,23.07,17.41,45.63,11.1,73.69,21553.03
Singapore,SGP,AS,1995,1.7,1.42,3.3,104.35,181.12,159.04,21.09,164.34,144.31,16.78,14.74,0.14,0.13,31.49,23.99,61.62,27.65,21.06,54.17,7.2,87.81,24914.41
Singapore,SGP,AS,1996,1.4,1.41,3.57,104.39,175.64,169.14,9.35,159.27,153.37,16.38,15.77,0.15,0.14,31.55,23.17,62.08,30.39,22.31,59.87,7.47,96.3,26233.63
Singapore,SGP,AS,1997,2,1.48,2.5,104.67,169.3,169.51,10.23,154.57,154.76,14.73,14.75,0.13,0.13,31.07,22.15,62.63,31.11,22.18,62.76,8.32,100.12,26375.97
Singapore,SGP,AS,1998,-0.3,1.67,3.41,104.3,166.79,142.98,-4.42,145.29,124.56,21.5,18.43,0.11,0.1,32.09,22.69,62.72,27.51,19.45,53.79,-2.2,85.73,21829.3
Singapore,SGP,AS,1999,0,1.69,4.85,103.23,176.75,152.5,8.02,159.74,137.83,17.01,14.67,0.11,0.1,30.85,22.85,63.07,26.62,19.72,54.43,5.72,86.28,21796.08
Singapore,SGP,AS,2000,1.4,1.72,3.7,100,188.35,180.96,14.33,176.01,169.1,12.34,11.85,0.09,0.09,32.46,25.86,60.66,31.18,24.85,58.11,9.04,96.07,23852.33
Singapore,SGP,AS,2001,1,1.79,3.76,96.06,182.89,164.23,-3.64,166.4,149.42,16.5,14.81,0.08,0.07,30.38,23.39,63.59,27.28,21.01,56.78,-1.07,89.79,21700.02
Singapore,SGP,AS,2002,-0.4,1.79,5.65,94.52,184.09,170.35,7.38,165.66,153.3,18.43,17.05,0.07,0.07,30.75,24.74,63.98,28.45,22.89,58.9,3.91,92.54,22159.69
Singapore,SGP,AS,2003,0.5,1.74,5.93,90.85,202.59,197.82,13.87,174.63,170.52,27.95,27.3,0.06,0.06,30.22,24.77,64.35,29.51,24.18,62.56,4.54,97.65,23730.15
Singapore,SGP,AS,2004,1.7,1.69,5.84,90.76,213.95,246.12,19.4,187.57,215.77,26.38,30.35,0.06,0.06,31.89,27.12,63.07,36.68,31.2,72.3,9.82,115.04,27608.54
Singapore,SGP,AS,2005,0.4,1.66,5.59,89.42,225.16,287.77,12.78,195.27,249.57,29.89,38.2,0.06,0.07,31.41,27.08,64.07,40.14,34.61,82.25,7.36,127.81,29961.26
Singapore,SGP,AS,2006,1,1.59,4.48,88.26,228.04,338.93,10.95,197.33,293.29,30.71,45.65,0.05,0.07,30.89,26.58,64.88,45.92,39.5,96.61,9.01,148.63,33769.15
Singapore,SGP,AS,2007,2.1,1.51,3.9,87.34,212.78,385.01,8.54,181.51,328.43,31.27,56.58,0.04,0.08,28.23,23.82,66.04,51.07,43.11,119.81,9.02,180.94,39432.94
Singapore,SGP,AS,2008,6.6,1.41,3.96,86.9,228.99,443.36,5.26,208.33,403.36,20.66,40,0.04,0.08,26.42,20.59,68.35,51.14,39.86,132.31,1.87,193.61,40007.47
Singapore,SGP,AS,2009,0.6,1.45,5.86,87.64,190.84,370.53,-7.2,167.35,324.91,23.5,45.62,0.04,0.08,27.02,20.27,68.01,52.45,39.36,131.8,0.12,194.15,38927.21
Singapore,SGP,AS,2010,2.8,1.36,4.12,87.13,198,474.82,17.79,171.69,411.72,26.31,63.1,0.04,0.09,26.64,20.77,67.84,63.88,49.82,161.49,14.53,239.81,47236.96
Singapore,SGP,AS,2011,5.2,1.26,3.89,84.77,203.33,568,7.69,175.77,491.02,27.56,76.98,0.03,0.1,25.26,19.58,69.02,70.57,54.7,191.73,6.34,279.35,53890.43
Singapore,SGP,AS,2012,4.6,1.25,3.72,83.9,196.72,580.49,1.4,172.49,509.01,24.23,71.49,0.03,0.1,25.02,19.12,69.21,73.84,56.41,202.03,4.46,295.09,55546.49
Singapore,SGP,AS,2013,2.4,1.25,3.86,85.46,195.08,600.01,6.14,171.96,528.92,23.11,71.09,0.03,0.11,23.45,17.64,70.76,72.11,54.25,216.14,4.84,307.58,56967.43
Singapore,SGP,AS,2014,1,1.27,3.74,85.86,191.95,604.37,3.62,168.51,530.57,23.44,73.8,0.03,0.11,24.17,18,70.34,76.1,56.67,219.43,3.94,314.85,57562.53
Singapore,SGP,AS,2015,-0.5,1.37,3.79,90.71,178.38,549.43,4.97,151.09,465.35,27.3,84.08,0.03,0.1,24.29,18.09,69.95,74.81,55.72,212.62,2.99,308,55646.62
Singapore,SGP,AS,2016,-0.5,1.38,4.08,89.48,165.09,526.08,-0.01,138.86,442.47,26.24,83.61,0.03,0.1,23.29,17.55,70.65,74.23,55.93,216.99,3.24,318.65,56828.3
Singapore,SGP,AS,2017,0.6,1.38,4.2,87.37,170.71,583.58,6.24,145.31,496.75,25.4,86.83,0.03,0.1,23.35,18.43,70.51,79.83,63.01,228.15,4.34,341.86,60913.75
Singapore,SGP,AS,2018,0.4,1.35,4.02,86.19,177.68,663.14,8.14,149.26,557.05,28.43,106.09,0.03,0.11,25.26,20.74,69.45,94.27,77.41,,3.44,373.22,66188.78
Singapore,SGP,AS,2019,0.6,1.36,4.11,,173.52,645.59,-1.56,145.63,541.84,27.89,103.76,0.03,0.11,24.49,19.8,70.38,91.12,73.68,,0.73,372.06,65233.28
South Korea,KOR,AS,1990,8.6,707.76,,133.33,24.99,70.83,5.09,25.76,72.98,-0.76,-3.19,7.61,21.55,36.32,25.02,46.49,102.92,70.9,130.9,9.88,283.37,6610.04
South Korea,KOR,AS,1991,9.3,733.35,2.41,134.19,23.78,78.62,12.22,26.05,86.13,-2.27,-8.17,6.82,22.57,37.15,25.19,47.15,122.83,83.29,154.57,10.78,330.65,7636.98
South Korea,KOR,AS,1992,6.2,780.65,2.51,134.21,24.07,85.58,12.12,24.69,87.77,-0.61,-3.27,6.61,23.49,35.88,24.41,48.51,127.57,86.79,170.95,6.2,355.53,8126.67
South Korea,KOR,AS,1993,4.8,802.67,2.88,132.43,23.67,92.95,10.06,23.25,91.28,0.43,1.66,5.91,23.23,36.21,24.64,49.12,142.2,96.76,190.83,6.88,392.67,8884.93
South Korea,KOR,AS,1994,6.3,803.45,2.48,137.27,24.07,111.6,18.1,24.6,114.03,-0.52,-4.43,5.66,26.23,36.24,25.3,49.16,168.03,117.3,225.16,9.27,463.62,10385.34
South Korea,KOR,AS,1995,4.5,771.27,2.06,138.46,25.72,145.75,22.96,26.74,151.5,-1.02,-8.4,5.33,30.19,36.49,25.8,49.26,206.75,146.19,275.22,9.61,566.58,12564.78
South Korea,KOR,AS,1996,4.9,804.45,2.05,125.89,24.8,151.33,10.19,27.85,169.94,-3.05,-21.98,4.96,30.27,35.45,24.71,50.28,216.29,150.74,301.75,7.89,610.17,13403.05
South Korea,KOR,AS,1997,4.4,951.29,2.61,121.9,28.35,161.5,18.71,29.18,166.24,-0.83,-7.99,4.48,25.5,35.4,24.66,50.76,201.67,140.51,283.1,6.17,569.75,12398.48
South Korea,KOR,AS,1998,7.5,1401.44,6.96,117.24,39.54,151.56,14.56,28.96,111.02,10.58,42.5,4.23,16.2,35.31,25.47,52.2,135.35,97.62,195.58,-5.13,383.33,8281.7
South Korea,KOR,AS,1999,0.8,1188.82,6.34,114.94,32.59,162.14,12.27,27.17,135.18,5.42,26.49,4.25,21.14,34.67,25.67,51.65,172.47,127.73,251,11.47,497.51,10672.42
South Korea,KOR,AS,2000,2.3,1130.96,4.4,100,33.94,195.55,16.99,32.16,185.28,1.78,14.55,3.86,22.23,34.76,26.45,51.62,200.25,152.39,289.98,9.06,576.18,12256.99
South Korea,KOR,AS,2001,4.1,1290.99,4,92.91,31.79,174.09,-1.8,30.44,166.69,1.35,7.14,3.57,19.53,33.22,24.88,53.08,181.94,136.25,281.54,4.85,547.66,11561.25
South Korea,KOR,AS,2002,2.8,1251.09,3.3,92.07,29.77,186.75,12.81,28.58,179.27,1.19,8.59,3.21,20.11,32.81,24.49,53.61,205.82,153.59,324.97,7.73,627.25,13165.07
South Korea,KOR,AS,2003,3.5,1191.61,3.6,88.51,31.4,220.64,13.58,29.78,209.25,1.62,17.29,2.96,20.83,33.11,24.12,53.87,232.68,169.52,364.53,3.15,702.72,14672.86
South Korea,KOR,AS,2004,3.6,1145.32,3.7,85.31,36.75,291.53,21,33.26,263.82,3.49,34.12,2.96,23.46,34.73,26.12,53.1,275.51,207.16,403.69,5.2,793.17,16496.12
South Korea,KOR,AS,2005,2.8,1024.12,3.7,77.46,35.28,329.86,7.9,33.04,308.91,2.24,23.51,2.62,24.49,34.15,25.74,53.88,319.27,240.62,481.07,4.31,934.9,19402.5
South Korea,KOR,AS,2006,2.2,954.79,3.5,70.41,35.63,375.22,12.05,35.03,368.89,0.6,11.47,2.5,26.3,33.52,25.31,54.7,353.01,266.52,548.82,5.26,1053.22,21743.48
South Korea,KOR,AS,2007,2.5,929.26,3.2,65.94,37.39,438.47,12.6,36.48,427.8,0.91,19.4,2.28,26.78,33.45,25.48,55.08,392.28,298.82,610.99,5.8,1172.61,24086.41
South Korea,KOR,AS,2008,4.7,1102.05,3.2,58.81,47.64,498.97,7.6,47.87,501.41,-0.23,5.44,2.14,22.44,32.51,25.62,56.19,340.49,268.35,553.39,3.01,1047.34,21350.43
South Korea,KOR,AS,2009,2.8,1276.93,3.6,61.31,45.19,426.52,-0.46,40.95,386.53,4.24,38.72,2.24,21.15,32.91,25.77,56,310.61,243.3,496.82,0.79,943.94,19143.85
South Korea,KOR,AS,2010,2.9,1156.06,3.7,56.82,47.1,538.9,13.03,44.3,506.77,2.81,33.96,2.14,24.53,34.12,27.44,54.7,390.32,313.92,586.99,6.8,1144.07,23087.23
South Korea,KOR,AS,2011,4,1108.29,3.4,51.05,53.34,668.44,15.42,52.23,654.54,1.11,15.96,2.21,27.69,34.45,28.24,54.65,431.75,353.87,645.24,3.69,1253.22,25096.26
South Korea,KOR,AS,2012,2.2,1126.47,3.2,50.19,54.09,691.55,5.79,51.36,656.66,2.73,43.53,2.19,27.95,34.13,27.83,55.07,436.39,355.81,660.7,2.4,1278.43,25466.76
South Korea,KOR,AS,2013,1.3,1094.85,3.1,51.86,51.29,703.11,3.82,46.66,639.61,4.63,73.93,2.1,28.77,34.45,27.79,55.21,472.21,380.89,705.29,3.16,1370.8,27182.73
South Korea,KOR,AS,2014,1.3,1052.96,3.5,52.72,47.83,709.97,2.1,42.78,635.04,5.05,82.85,2.06,30.53,34.09,27.04,55.64,506.03,401.4,767,3.2,1484.32,29249.58
South Korea,KOR,AS,2015,0.7,1131.16,3.6,59.03,42.99,630.13,0.23,36.14,529.77,6.85,105.65,2,29.37,34.15,26.61,55.58,500.56,389.98,747.28,2.81,1465.77,28732.23
South Korea,KOR,AS,2016,1,1160.43,3.7,59.61,40.13,602.03,2.37,33.47,502.1,6.66,99.12,1.86,27.89,34.3,26.36,55.36,514.51,395.4,760.46,2.95,1500.11,29288.87
South Korea,KOR,AS,2017,1.9,1130.42,3.7,59.4,40.93,664.73,2.48,36.19,587.64,4.75,76.86,1.85,30.05,34.77,26.95,54.85,564.57,437.57,808.92,3.16,1623.9,31616.84
South Korea,KOR,AS,2018,1.5,1100.5,3.85,55.92,41.63,716.29,3.47,37.03,637.12,4.6,80.72,1.82,31.38,34.12,26.65,55.45,587.03,458.53,,2.66,1720.58,33340.27
South Korea,KOR,AS,2019,0.4,1165.36,4.15,,39.83,654.09,1.67,36.88,605.77,2.94,53.84,1.69,27.81,32.97,25.38,56.77,541.43,416.9,,2.03,1642.38,31761.98
Thailand,THA,AS,1990,5.9,25.59,,118.52,34.13,29.13,13.39,41.65,35.55,-7.52,-6.64,12.5,10.67,37.22,27.2,,31.77,23.22,,11.17,85.34,1508.94
Thailand,THA,AS,1991,5.7,25.52,2.63,117.65,35.96,35.33,15.14,42.51,41.76,-6.54,-6.76,12.65,12.43,38.66,28.24,,37.98,27.74,,8.56,98.23,1716.42
Thailand,THA,AS,1992,4.1,25.4,1.35,120,36.97,41.21,13.81,40.98,45.68,-4.01,-5.24,12.3,13.71,38.06,27.52,,42.41,30.67,,8.08,111.45,1927.88
Thailand,THA,AS,1993,3.3,25.32,1.49,119.77,36.82,47.45,12.98,40.93,52.75,-4.11,-5.7,8.03,10.34,36.85,26.17,55.12,47.5,33.74,70.75,8.25,128.89,2209.36
Thailand,THA,AS,1994,5,25.15,1.35,121.59,38.24,56.09,13.1,43.01,63.08,-4.76,-7.46,8.63,12.66,37,25.9,54.38,54.27,37.99,79.43,8,146.68,2491.43
Thailand,THA,AS,1995,5.8,24.92,1.1,116,41.53,70.31,15.37,48.22,81.63,-6.69,-11.95,9.08,15.37,37.28,26.21,53.64,63.1,44.36,90.38,8.12,169.28,2846.59
Thailand,THA,AS,1996,5.8,25.34,1.07,114.41,39.02,71.42,-4.48,45.26,82.83,-6.24,-12.07,9.06,16.59,37.08,25.67,53.86,67.87,46.98,98.13,5.65,183.04,3043.98
Thailand,THA,AS,1997,5.6,31.36,0.87,115.09,48.24,72.44,9.05,46.81,70.31,1.42,-0.02,9.06,13.61,36.56,26.47,54.37,54.91,39.75,81.32,-2.75,150.18,2468.19
Thailand,THA,AS,1998,8,41.36,3.4,108.16,57.94,65.86,10.79,42.3,48.09,15.63,17.4,10.26,11.66,36.11,27.15,53.63,41.05,30.86,60.76,-7.63,113.68,1845.83
Thailand,THA,AS,1999,0.3,37.81,2.97,107.37,56.44,71.49,8.64,44.27,56.07,12.17,15.07,8.89,11.26,36.38,28.17,54.73,46.08,35.69,69.11,4.57,126.67,2033.26
Thailand,THA,AS,2000,1.6,40.11,2.39,100,64.84,81.95,15.83,56.46,71.36,8.38,10.11,8.5,10.74,36.67,28.38,54.83,46.35,35.86,69.08,4.46,126.39,2007.74
Thailand,THA,AS,2001,1.6,44.43,2.6,92.01,63.25,76.09,-0.02,57.02,68.59,6.23,6.96,8.58,10.32,36.32,27.83,55.1,43.69,33.47,66.1,3.44,120.3,1893.26
Thailand,THA,AS,2002,0.7,42.96,1.82,92.05,60.65,81.45,5.89,54.32,72.96,6.32,7.71,8.69,11.67,36.89,28.52,54.41,49.55,38.3,72.87,6.15,134.3,2096.19
Thailand,THA,AS,2003,1.8,41.48,1.54,94.16,61.52,93.69,9.13,55.17,84.01,6.35,8.8,9.44,14.38,37.92,29.58,52.64,57.74,45.05,79.94,7.19,152.28,2359.12
Thailand,THA,AS,2004,2.8,40.22,1.51,95.84,65.97,114.06,14.63,61.44,106.23,4.53,6.75,9.29,16.06,37.9,29.42,52.81,65.53,50.86,91.08,6.29,172.9,2660.13
Thailand,THA,AS,2005,4.5,40.22,1.35,96.67,68.4,129.5,7.76,69.45,131.48,-1.05,-3.47,9.19,17.41,38.51,29.62,52.3,72.9,56.07,98.77,4.19,189.32,2894.06
Thailand,THA,AS,2006,4.6,37.88,1.22,95.6,68.68,152.29,10.79,65.41,145.06,3.26,5.67,9.4,20.85,39.15,30.17,51.45,86.81,66.9,113.82,4.97,221.76,3369.54
Thailand,THA,AS,2007,2.2,34.52,1.18,95.91,68.87,181.09,8.89,61,160.4,7.87,18.68,9.35,24.58,39.43,30.59,51.22,103.68,80.43,134.37,5.44,262.94,3973.02
Thailand,THA,AS,2008,5.5,33.31,1.18,94.05,71.42,208.1,6.26,69.02,201.11,2.4,4.45,10.07,29.35,39.48,30.55,50.45,115.04,89.03,146.68,1.73,291.38,4379.66
Thailand,THA,AS,2009,-0.8,34.29,0.94,96.86,64.44,181.53,-12.14,54.83,154.46,9.61,26.98,9.79,27.57,38.61,29.46,51.6,108.76,83,145.09,-0.69,281.71,4213.01
Thailand,THA,AS,2010,3.2,31.69,0.62,97.8,66.49,226.79,14.22,60.76,207.27,5.72,19.68,10.52,35.89,39.92,30.93,49.56,136.17,105.51,168.72,7.51,341.1,5076.34
Thailand,THA,AS,2011,3.8,30.49,0.66,93.81,70.85,262.74,9.51,68.82,255.2,2.03,7.63,11.59,42.98,37.98,29,50.43,140.84,107.52,186.64,0.84,370.82,5492.12
Thailand,THA,AS,2012,3,31.08,0.58,92.9,68.95,274.12,3.66,68.72,273.22,0.23,0.88,11.5,45.74,37.34,27.97,51.15,148.46,111.21,203.01,7.24,397.56,5860.58
Thailand,THA,AS,2013,2.2,30.73,0.49,94.46,67.17,282.34,2.51,65.29,274.44,1.88,7.44,11.32,47.59,36.9,27.59,51.78,155.1,115.96,217.3,2.69,420.33,6168.26
Thailand,THA,AS,2014,1.9,32.48,0.58,94.9,68.39,278.6,0.35,62.51,254.63,5.88,23.91,10.09,41.1,36.76,27.57,53.15,149.75,112.32,216.19,0.98,407.34,5951.88
Thailand,THA,AS,2015,-0.9,34.25,0.6,102.08,67.64,271.42,1.25,57.2,229.55,10.43,41.68,8.87,35.61,36.18,27.37,54.95,145.19,109.85,219.91,3.13,401.3,5840.05
Thailand,THA,AS,2016,0.2,35.3,0.69,104.51,67.06,277.25,2.7,53.5,221.17,13.56,56.05,8.48,35.05,35.59,27.14,55.94,147.12,112.22,229.42,3.43,413.43,5994.23
Thailand,THA,AS,2017,0.7,33.94,0.83,102.6,66.68,304.27,5.18,54.23,247.43,12.46,56.88,8.4,38.33,35.05,27.04,56.55,159.95,123.36,256.34,4.07,456.29,6592.92
Thailand,THA,AS,2018,1.1,32.31,0.77,100.46,64.87,328.57,3.35,56.03,283.8,8.84,44.92,8.13,41.16,34.79,26.74,57.08,176.21,135.43,,4.15,506.51,7295.48
Thailand,THA,AS,2019,0.7,31.05,0.75,,59.74,324.78,-2.64,50.56,274.86,9.18,49.96,8,43.52,33.4,25.3,58.59,181.59,137.54,,2.37,543.65,7808.19
Vietnam,VNM,AS,1990,,6537.6,,,36.04,2.33,12.93,45.28,2.93,-9.24,,38.74,2.51,22.67,12.26,38.59,1.47,0.79,2.5,5.1,6.47,95.19
Vietnam,VNM,AS,1991,,10121.89,1.83,,30.92,2.97,29.86,36.03,3.46,-5.12,,40.49,3.89,23.79,13.1,35.72,2.29,1.26,3.43,5.96,9.61,138.45
Vietnam,VNM,AS,1992,,11202.19,1.85,,34.75,3.43,24.67,38.83,3.83,-4.09,,33.94,3.35,27.26,15.39,38.8,2.69,1.52,3.83,8.65,9.87,139.2
Vietnam,VNM,AS,1993,,10640.96,1.91,,28.72,3.79,9.13,37.49,4.94,-8.77,,29.87,3.94,28.9,15.17,41.23,3.81,2,5.43,8.07,13.18,182.31
Vietnam,VNM,AS,1994,,10965.67,1.92,,34.01,5.54,16,43.46,7.08,-9.45,,27.43,4.47,28.87,14.91,43.7,4.7,2.43,7.12,8.84,16.29,221.13
Vietnam,VNM,AS,1995,,11038.25,1.92,,32.81,6.8,20,41.91,8.69,-9.1,,27.18,5.64,28.76,14.99,44.06,5.96,3.11,9.14,9.54,20.74,276.81
Vietnam,VNM,AS,1996,5.7,11032.58,1.93,,40.87,10.08,24,51.84,12.78,-10.97,-2.84,27.76,6.84,29.73,15.18,42.51,7.33,3.74,10.48,9.34,24.66,324.15
Vietnam,VNM,AS,1997,3.2,11683.33,2.87,,43.1,11.57,16,51.24,13.76,-8.14,-1.87,25.77,6.92,32.08,16.48,42.15,8.61,4.43,11.32,8.15,26.84,348.02
Vietnam,VNM,AS,1998,7.3,13268,2.29,,44.85,12.2,19,52.15,14.19,-7.3,-1.52,25.78,7.01,32.49,17.15,41.73,8.84,4.67,11.35,5.76,27.21,348.32
Vietnam,VNM,AS,1999,4.1,13943.17,2.33,,49.97,14.33,23,52.82,15.15,-2.85,0.43,25.43,7.3,34.49,17.69,40.07,9.89,5.08,11.49,4.77,28.68,362.92
Vietnam,VNM,AS,2000,-1.7,14167.75,2.26,100,53.92,16.81,21.1,57.5,17.92,-3.57,-0.18,24.53,7.65,36.73,18.45,38.73,11.45,5.75,12.07,6.79,31.17,390.09
Vietnam,VNM,AS,2001,-0.4,14725.17,2.76,97.56,55.06,18,17.18,56.89,18.6,-1.83,-0.09,23.24,7.6,38.13,19.66,38.63,12.46,6.43,12.63,6.19,32.69,404.81
Vietnam,VNM,AS,2002,3.8,15279.5,2.12,98.34,54.74,19.19,10.37,61.96,21.72,-7.22,-1.8,23.03,8.08,38.49,20.46,38.48,13.5,7.17,13.49,6.32,35.06,430.05
Vietnam,VNM,AS,2003,3.2,15509.58,2.25,103.95,56.67,22.42,19.95,67.65,26.76,-10.98,-3.36,22.54,8.92,39.47,20.33,37.99,15.61,8.04,15.03,6.9,39.55,480.58
Vietnam,VNM,AS,2004,7.8,15746,2.14,106.23,59.73,27.13,25.62,73.29,33.29,-13.55,-3.16,21.81,9.91,40.21,20.34,37.98,18.27,9.24,17.26,7.54,45.43,546.91
Vietnam,VNM,AS,2005,8.3,15858.92,2.14,112.24,63.7,36.71,17.78,67.02,38.62,-3.32,-2.74,19.3,11.12,38.13,18.82,42.57,21.98,10.85,24.53,7.55,57.63,687.48
Vietnam,VNM,AS,2006,7.4,15994.25,2.08,116.02,67.72,44.94,11.2,70.6,46.86,-2.88,-2.78,18.73,12.43,38.58,19.38,42.69,25.61,12.86,28.33,6.98,66.37,784.37
Vietnam,VNM,AS,2007,8.3,16105.13,2.03,118.34,70.52,54.59,12.5,84.09,65.1,-13.57,-11.19,18.66,14.44,38.51,19.38,42.83,29.81,15,33.16,7.13,77.41,906.28
Vietnam,VNM,AS,2008,23.1,16302.25,1.79,124.95,70.34,69.72,13.7,83.98,83.25,-13.64,-13.73,20.41,20.24,37.08,18.58,42.51,36.76,18.42,42.14,5.66,99.13,1149.42
Vietnam,VNM,AS,2009,6.7,17065.08,1.74,124.52,62.61,66.37,-5.09,72.1,76.43,-9.49,-10.03,19.17,20.32,37.39,18.3,43.44,39.64,19.4,46.06,5.4,106.01,1217.27
Vietnam,VNM,AS,2010,9.2,18612.92,1.11,130.54,72,83.47,8.45,80.22,92.99,-8.21,-7.6,18.38,21.31,32.13,12.95,36.94,37.25,15.01,42.83,6.42,115.93,1317.89
Vietnam,VNM,AS,2011,18.7,20509.75,1.88,129.88,79.39,107.61,10.78,83.52,113.21,-4.13,-3.43,19.57,26.52,32.24,13.35,36.73,43.7,18.1,49.79,6.24,135.54,1525.12
Vietnam,VNM,AS,2012,9.1,20828,1.68,129.62,80.03,124.7,15.71,76.53,119.24,3.5,7.45,19.22,29.95,33.56,13.28,37.27,52.29,20.7,58.07,5.25,155.82,1735.14
Vietnam,VNM,AS,2013,6.6,20933.42,1.98,129.62,83.63,143.19,17.37,81.47,139.49,2.16,5.6,17.96,30.76,33.19,13.34,38.74,56.83,22.83,66.32,5.42,171.22,1886.67
Vietnam,VNM,AS,2014,4.1,21148,1.87,129.88,86.4,160.89,11.56,83.13,154.79,3.28,8.6,17.7,32.96,33.21,13.18,39.04,61.85,24.54,72.69,5.98,186.2,2030.26
Vietnam,VNM,AS,2015,0.6,21697.57,2.13,131.02,89.78,173.49,12.64,88.99,171.96,0.79,2.61,16.99,32.84,33.25,13.69,39.73,64.25,26.46,76.78,6.68,193.24,2085.1
Vietnam,VNM,AS,2016,2.7,21935,2.08,132.97,93.62,192.19,13.86,91.06,186.93,2.56,6.78,16.32,33.5,32.72,14.27,40.92,67.16,29.28,84.01,6.21,205.28,2192.21
Vietnam,VNM,AS,2017,3.5,22370.09,2.05,130.85,101.59,227.35,16.74,98.79,221.07,2.8,6.82,15.34,34.34,33.4,15.33,41.26,74.74,34.31,,6.81,223.78,2365.62
Vietnam,VNM,AS,2018,3.5,22602.05,1.99,128.31,105.83,259.51,14.27,102.47,251.28,3.36,12.86,14.68,36,34.23,16,41.12,83.94,39.23,,7.08,245.21,2566.6
Vietnam,VNM,AS,2019,2.8,23050.24,2.01,,106.8,279.72,6.71,103.6,271.36,3.19,19.14,13.96,36.55,34.49,16.48,41.64,90.34,43.17,,7.02,261.92,2715.28
